Crop_ID,Crop_Map_Name,Crop_Data_Name,"1,3 DICHLOROPROPENE","1,4-DIMETHYLNAPHTALENE",1-MCP,"2,4-D",ABAMECTIN,ACEQUINOCYL,ACETAMIPRID,ACLONIFEN,ACRINATHRIN,ALACHLOR,ALDRIN,AMETOCTRADIN,AMINOTRIAZOLE,AMITRAZ,ATRAZINE,AZOCYCLOTIN,AZOXYSTROBIN,BENALAXYL,BENFLURALIN,BENTAZONE,BENTHIAVALICARB- ISOPROPYL,BIFENAZATE,BIFENTHRIN,BITERTANOL,BOSCALID,BROMACIL,BROMOPROPYLATE,BROMOXYNIL,BROMUCONAZOLE,BUPIRIMATE,BUPROFEZIN,CAPTAN,CARBARYL,CARBENDAZIM,CARBOXIN,CARFENTRAZONE ETHYL,CHLORANTRANILIPROLE,CHLORDANE,CHLORFENAPYR,CHLORFLUAZURON,CHLORIDAZON,CHLORMEQUAT CHLORIDE,CHLOROTHALONIL,CHLORPROPHAM,CHLORPYRIFOS,CHLORSULFURON,CHLORTHAL DIMETHYL,CINIDON ETHYL,CLETHODIM,CLODINAFOP PROPARGYL,CLOFENTEZINE,CLOMAZONE,CLOPYRALID,CLOQUINTOCET MEXYL,CLOTHIANIDIN,CYANTRANILIPROLE,CYCLOXYDIM,CYFLUFENAMID,CYFLUMETOFEN,CYFLUTHRIN,CYHEXATIN,CYMOXANIL,CYPERMETHRIN,CYPROCONAZOLE,CYPRODINIL,CYPROSULFAMIDE,CYROMAZINE,D.D.T.,DELTAMETHRIN,DIAFENTHIURON,DICAMBA,DICHLORPROP-P,DICLOFOP METHYL,DIDECYL DIMETHYL AMMONIUM CHLORIDE,DIETHOFENCARB,DIFENOCONAZOLE,DIFLUBENZURON,DIFLUFENICAN,DIMETHENAMID,DIMETHOATE,DIMETHOMORPH,DIMETHYL DISULFIDE,DINICONAZOLE-M,DINOCAP,DINOTEFURAN,DIPHENYLAMINE,DIQUAT,DITHIANON,DITHIOCARBAMATES,DIURON,DODINE,EMAMECTIN BENZOATE,ENDRIN,ESFENVALERATE,ETHALFLURALIN,ETHEPHON,ETHOXYQUIN,ETOFENPROX,ETOXAZOLE,FAMOXADONE,FENAMIDONE,FENAMIPHOS,FENARIMOL,FENAZAQUIN,FENBUCONAZOLE,FENBUTATIN OXIDE,FENHEXAMID,FENOXAPROP-P-ETHYL,FENOXYCARB,FENPYROXIMATE,FLONICAMID,FLORASULAM,FLUAZIFOP-P-BUTYL,FLUAZINAM,FLUBENDIAMIDE,FLUDIOXONIL,FLUENSULFONE,FLUFENACET,FLUFENOXURON,FLUMETSULAM,FLUMIOXAZIN,FLUOMETURON,FLUOPICOLIDE,FLUOPYRAM,FLUOXASTROBIN,FLUPYRADIFURONE,FLUROCHLORIDONE,FLUROXYPYR,FLURPRIMIDOL,FLUTOLANIL,FLUTRIAFOL,FOLPET,FOMESAFEN,FORAMSULFURON,FORCHLORFENURON,FORMETANATE HCL,FOSETYL AL,GLUFOSINATE AMMONIUM,GLYPHOSATE,GUAZATINE,HALAUXIFEN METHYL,HALOXYFOP R METHYL,HEPTACHLOR,HYMEXAZOL,IMAZALIL,IMAZAMOX,IMAZAPIC,IMAZAPYR,IMAZETHAPYR,IMIDACLOPRID,IN ACCREDITATION=,INDOXACARB,IODOSULFURON METHYL SODIUM,IPRODIONE,IPROVALICARB,ISOXABEN,ISOXADIFEN ETHYL,ISOXAFLUTOLE,KRESOXIM METHYL,LAMBDA CYHALOTHRIN,LINDANE,LINURON,LUFENURON,MALATHION,MALEIC HYDRAZIDE,MANDIPROPAMID,MCPA,MECOPROP-P,MEFENPYR DIETHYL,MEPANIPYRIM,MEPTYLDINOCAP,MESOSULFURON-METHYL,METAFLUMIZONE,METALAXYL,METAM SODIUM,METAMITRON,METAZACHLOR,METHIOCARB,METHOMYL,METHOXYFENOZIDE,METOLACHLOR,METOMINOSTROBIN,METRAFENONE,METRIBUZIN,MILBEMECTIN,MSMA,MYCLOBUTANIL,NOVALURON,ORTHO PHENYLPHENOL,OXADIARGYL,OXADIAZON,OXAMYL,OXATHIAPIPROLIN,OXOLINIC ACID,OXYFLUORFEN,PACLOBUTRAZOLE,PARAQUAT,PCNB (QUINTOZENE),PENCONAZOLE,PENCYCURON,PENDIMETHALIN,PERMETHRIN,PHOSMET,PICOXYSTROBIN,PINOXADEN,PIPERONYL BUTOXIDE,PIRIMICARB,PIRIMIPHOS-METHYL,PROCHLORAZ,PROHEXADIONE CALCIUM,PROMETRYNE,PROPAMOCARB HCL,PROPAQUIZAFOP,PROPARGITE,PROPOXYCARBAZONE-SODIUM,PROPYZAMIDE,PROQUINAZID,PYMETROZINE,PYRACLOSTROBIN,PYRAFLUFEN-ETHYL,PYRIDABEN,PYRIDALYL,PYRIDATE,PYRIMETHANIL,PYRIMIDIFEN,PYRIOFENONE,PYRIPROXYFEN,PYRITHIOBAC SODIUM,QUINOXYFEN,QUIZALOFOP-P-ETHYL,QUIZALOFOP-P-TEFURYL,RIMSULFURON,SPINETORAM,SPINOSAD,SPIRODICLOFEN,SPIROMESIFEN,SPIROTETRAMAT,SPIROXAMINE,SULFENTRAZONE,SULFOSULFURON,SULFOXAFLOR,TAU-FLUVALINATE,TEBUCONAZOLE,TEBUFENPYRAD,TEFLUBENZURON,TERBACIL,TERBUTRYN,TETRACONAZOLE,TETRADIFON,THIABENDAZOLE,THIACLOPRID,THIAMETHOXAM,THIDIAZURON,THIOCYCLAM HYDROGEN OXALATE,TOLCLOFOS METHYL,TOLFENPYRAD,TRIADIMEFON,TRIADIMENOL,TRIASULFURON,TRIBENURON METHYL,"TRICLOPYR (3,5,6-TPA)",TRIFLOXYSTROBIN,TRIFLOXYSULFURON,TRIFLUMURON,TRIFORINE,UNICONAZOLE,VALIFENALATE,ZOXAMIDE
20,ALFALFA,ALFALFA,,,,0.1,,,,,,,,,,,,,,,,,,,,,,,,,,,,,,,,,,,,0.5,,,,,,,,,0.5,,,,,,,,0.2,,,,,,,,,,5.0,,,,,,,,,,,,,,,,,,,,0.1,,,,,,,,,,,,,,,,,,,,,,,,,,0.1,,,,,,,,,,,,,,,,,,,,,,,,,,,,,,,,,0.01,,,,,,,,,,,,,,,,,,,,,,,,,,,,,,,,0.05,10.0,1.0,,,,,,,,2.0,,,,,,,,,,,,,,,,,,,,,,,,,0.01,,,0.02,,,,,,,,,,,,,,0.1,,,,,,,,,,,,,,,0.2,,,,,,,,,,,,,2.0,,,,,,,,,,
26,ALMOND,ALMOND,,,,0.2,,,0.1,,0.2,,,,0.02,,,,2.0,,,,,,0.2,,5.0,,,,,,0.02,5.0,,0.1,,0.02,0.05,,,,,,1.0,,0.5,,,,,,,,,,0.02,,,,,0.5,1.0,,0.5,0.05,,,,,0.05,,,,,,,0.1,,0.02,,0.5,,,0.05,,0.5,,,0.05,0.1,0.1,,0.01,,,,,,2.0,,,,,,,0.2,0.5,0.02,,,,0.05,,,,,,,0.02,,,,,,0.05,,,,,,,,0.5,,,,,,,1.0,,,,,,,,,,,0.3,,,,,,,,,,0.05,,0.05,,,,,,,,,,,,,,,,0.05,,,,,,,,,0.2,,,,,,,,0.02,,,,,,,,0.05,0.01,,,,,1.0,,,,,,,,,,1.5,,,,,,,,,,,,,,,,0.3,,,,,,,0.1,0.2,,,,,,,,1.0,0.02,,,,,,,,,,0.2,,,1.0,,,
52,ANONA,ANONA,,,,0.05,,,,,,,,,0.02,,,,,,,,,,,,,,,,,,,,,,,,,,,,,,,,,,,,,,,,,,,,,,,,,,,,,,,,,,,,,,,,,,,,,,,,,,,,,0.1,,,,,,,,,,,,,,,,,,,,,,,,,,,,,,,0.01,,,,,,,0.01,,,,,,,,,,,,,,,,,,,,,,,,,,,,,,,,,,,,,,,,,,,,,,,,,,,,,,,,,,,,,,,,,,,,,,,,,,,,,,,,,,,,,,,,,,,,,,,,,,,,,,,,,,,,,,,,,,,,,,,,,,,,,,,,,,,,,,,,,,,,
53,APPLE,APPLE,,,0.01,0.01,0.02,0.02,0.05,,,,,,0.02,0.5,,1.0,0.3,,,,,0.05,0.02,2.0,1.0,,2.0,,0.05,0.03,0.1,10.0,,3.0,,0.02,0.2,,,,,,0.05,,0.1,,,,0.5,,0.5,,,,0.5,,,0.02,0.2,,2.0,,2.0,0.05,0.02,,,,0.05,,,,,,,0.2,1.0,0.02,,1.0,,,0.05,0.05,,5.0,,1.0,3.0,0.1,0.3,0.02,,,,5.0,,1.0,0.02,,,,,0.1,0.1,5.0,,,0.05,0.1,0.2,,0.1,,0.03,1.0,,,0.2,,0.01,,,0.2,,,,0.01,,,,10.0,,,,,,0.01,,,,,,,0.01,,,,,0.3,,,,10.0,,,,,0.01,,,,0.05,2.0,,,,,,,0.05,,,,,0.02,,0.05,,0.5,0.12,0.2,,,0.05,,0.5,0.1,,,,,,0.01,,,,,0.2,,,,0.5,0.05,,,,,,0.05,,,,5.0,,0.02,0.05,,0.5,0.02,0.1,,,,0.1,,0.02,,,0.1,,,0.1,0.05,0.05,,0.2,,,,0.5,0.02,0.4,0.05,0.2,,,0.05,5.0,3.0,0.1,0.02,,,,,,0.5,,,0.01,0.5,,0.5,,,,
54,APRICOT,APRICOT,,,,0.05,,,0.05,,0.2,,,,0.02,,,,0.7,,,,,,0.6,,1.0,,,,,,,15.0,,0.1,,,0.3,,,,,,0.2,,0.5,,,,,,,,,,0.5,,,,,,,,2.0,,0.2,,,,,,,,,,,0.3,,0.02,,1.0,,,0.05,0.05,0.05,,,1.0,3.0,,,0.01,,,,,,,,,,,,,0.5,,,,,,,,,,,0.2,,0.02,,,,,,0.7,,,,0.01,,,,,,,,0.01,,,,,,,,,0.01,,,,,0.5,,,,1.0,,,,,0.1,0.05,,0.05,0.15,,,,,,,,0.2,,,,,,,0.05,,,,,,,,,0.2,0.05,,,,,,,,,,,,,,,0.5,,,,,,1.0,,,,,,,,,,,,,,,,,,,,,,,,0.05,0.05,0.05,,,,,,,0.5,0.3,,,,,,,,,0.05,,,,,,,,,0.01,0.5,,,2.0,,,
57,ARTICHOKE,ARTICHOKE,,,,,,,,,,,,,,,,,,,,,,,,,,,,,,,,,,,,,,,,0.2,,,,,,,,,,,,,,,,,0.2,,,,,,,,,,,,0.05,,,,,,,,,,,,,,,,,,,,,0.1,,,,0.2,,,,,,,,,,,,,,,,,0.1,,,,,,,,,,,,,,,,,,,,,,,,,,,,,,,,,,,,,,,,,,,,,,,,,,,,0.05,5.0,,,,,,,,,,,,,,0.05,2.0,0.05,,,,,,,,0.02,,,,,,,0.02,,,,,,,,,,,,1.0,,,,,,,,,0.02,,,,,,,,,,,,,,,,,,,,,,,,,,,,,0.2,,,,,,,,,,,,,,,,,,,,,,,
65,AVOCADO,AVOCADO,,,,0.05,0.02,,,,,,,,0.02,,,,,,,,,,,,,,,,,,,,,,,0.08,,,,,,,,,0.5,,,,,,,,,,,,,,,,,,,,,,,,,,,,,,,,,0.02,,,,,,,,,,,,0.1,,,,,,,,,,,,,,,,,,,,,,,,,,,,0.02,,,0.01,,,,,,,,0.05,,,,,,,,,0.01,0.2,,,,,,,,,,,,,,,,,,,,,,,,,,,,,,,,,,,,0.05,,,,0.02,,,,,,,,,,,,0.02,,,,0.02,0.05,,,,,,,,,,,,,5.0,,,,,,,0.02,,,,,,,,,,,,,,,,,0.02,0.05,0.5,,0.3,,,,,,,,,,,,,,,,,,,,,,,,,,,,,0.05,,
69,BANANA,BANANA,,,,,,,,,,,,,,,,,,,,,,,0.1,,,,,,,,,,,,,,,,,,,,,,0.05,,,,,,,,,,,,,,,,,,,,,,,,,,,,,,,,,0.02,,,,,,,,,,,2.0,,,,,,,,,,,,,,,,,,,,,,,,,,,,,0.02,,,,,,,,,,,,,,,,,,,,,0.2,,,,,,2.0,,,,,0.05,,,,,,,,,,,,,,,,,,,,,,,,,,,,,,,,,,,,,,,,,0.02,0.05,,,0.02,,,,,,,,,,,,,,,,,,,,,,,,,,,,,,,,,,,,,,,,,,,,,,,,,,,,,,,,,0.05,,,,,,,,,,,,,,,,
71,BARLEY,BARLEY,,,,0.01,,,,,,,,,,,,,,,,,,,0.01,,,,,0.1,,,,,,,0.01,,,,,,,,,,,,,,,,,,,0.01,,,,,,,,,0.05,,,,,,,,,,,,,,,,,,,,,,,,,,1.0,,,,,,,,,,,,,,,,,,,,,,,0.01,,,,,,,,,,,,,,,,,,,,,,,,,,,0.1,,0.01,,,,,,,,,,,,,,,,,,,,,,,,,,,,,,,,,,,,,,,,,,,,,,,,,,,,,,,,,,,,,,,,0.01,,,,,,,,,,,,,,,,,,,,,,,,,,,,,,,,,,,,,,,,,,,,,,,,,,,,,,,0.02,,,,,,,,
72,BASIL,BASIL,,,,,0.05,0.7,3.0,,,,,,,,,,2.0,,,,,1.0,1.0,,4.0,,,,,,4.0,,,,,,,,,,,,1.0,,,,,,,,,,,,,,,,,,,,,,1.0,,0.2,,,,,,,,,0.4,,,,,10.0,0.01,,,3.0,,,,5.0,,,0.1,,,,,,,2.0,,,,,,,,0.5,,,,,,,,,1.0,,,,,,,,,,,,,,,,,,,,,,,,,,,,,,,,,,2.0,,2.0,,,,,,,,,,,0.05,,,10.0,,,,,,,,0.5,,,,1.0,0.6,0.1,,,,,,,,,,,,,,,,,,,,,,,,,,,,,,,,,,,,,,1.0,2.0,,,,,3.0,,,,,,,,,0.05,2.0,,,1.0,,,,,,,,3.0,,,,,,1.0,,,0.05,,,,3.0,,,,2.0,,,,,,
138,BEANS,BEANS,,,,,,,,,,,,,,,,,0.01,,,0.2,,,0.02,,,,,,,,,,,,,,0.05,,,0.2,,,,,,,,,0.5,,,,,,,,,,,,0.5,,,,,,1.0,,0.2,,,,,,,,,,,,,,,,,,,,0.5,,,,,0.1,,,,,,,,,,,,,,,,0.05,,,,,0.01,,,,,,,,,,,,,,,,,,0.01,,,,,,,,,,,,,0.01,,,,,,0.02,,,,,,,,,,,0.1,2.0,,,,,,,,,,,,,,,,1.0,0.1,,,,,,0.02,0.02,,,,,,,,,,0.01,,,0.1,,,,,,0.2,,,,,,,2.0,,,,,,,,,,,,,,,,,,,0.01,0.1,,,0.05,,,,,,0.01,,0.2,,,,1.0,,,0.02,,0.05,,,,,,,,,,,,,,
144,"BEET, GREENS","BEET, GREENS",,,,,,,,,,,,,,,,,,,,,,,1.0,,,,,,,,,,,,,,,,,,,,,,,,,,,,,,,,,,,,,,,,,,,,,,,,,,,,,,,,,,3.0,,,,,,,,5.0,,,0.1,,,,,,,,,,,,,,,,,,,,,,,,,,,,,,,,,,,,,,,,,,,,,,,,,,,,,,,,,,2.0,,,,,,,,,,,,,0.05,,,,,,,,,,,0.5,,,,1.0,,,,,,,,,,,,,,,,,,,,,,,,,,,,,,,,,,,,,,,,1.0,,,,,,,,,,,,,,,0.05,,,,,,,,,,,,,,,,,,0.1,,,,,,,,,,,,,,,,,
146,BEETROOT,BEETROOT,,,,,,,,,,,,,,,,,,,,,,,,,,,,,,,,,,,,,,,,,,,,,,,,,0.5,,,,,,,,0.2,,,,,,0.5,,,,,,0.2,,,,,,,0.1,,,,,,,,,,,,,0.5,,,,,0.05,,,,,,,,,,,,,,,,,,,0.1,,,,,,,,,,,,,,,,,,,,,,,,,,,,,0.02,,,,,,,,,,,,,,,,,,,,,0.05,0.5,,,,,,,,,,,,0.01,,0.05,0.1,,,,,,,,,,,,,,,,,,,,,,,,,,,,,,,,,,,,,,,,,,,,,,,,,,,,,,0.05,,,,,,,,,,,,0.2,,,,,,,,,,,,,,,,,,,,,,,
177,BOCK CHOY LEAVES,BOCK CHOY LEAVES,,,,,,,,,,,,,,,,,,,,,,,,,,,,,,,,,,,,,,,,,,,,,,,,,,,,,,,,,,,,,,,,,,,,,,,,,,,,,,,,,,,,,,,,,,,,,,,,,,,,,,,,,,,,,,,,,,,,,,,,,,,,,,,,,,,,,,,,,,,,,,,,,,,,,,,,,,,,,,,,,,,,,,,,,,,,,,,,,,,,,,,,,,,,,,,,,,,,,,,,,,,,,,,,,,,,,,,,,,,,,,,,,,,,,,,,,0.05,,,,,,,,,,,,,,,,,,,,,,,,,,,,,,,,,,,
181,BRASSICA,BRASSICA,,,,,,,0.05,,,,,,,,,,,0.5,,,,,0.2,,,,,,,,,,,,,,,,,,,,,,,,,,0.5,,,,,,,,,,,,,,,,,,,,,,,,,,,,,,,,0.2,,,,,,,,5.0,,,,,,,,,,,,,,,,,,,,,,,,,,,,,,,,,,,,,,,,,,,,,,,,,,,,,,,,,,,,,,,,,,,,,,,,,,,1.0,,,,,,,,,,0.5,,,,,,0.05,,,,,,,,0.02,,,0.02,,,,,,,,,,,,,,,,,,,,,0.2,,,,,,0.1,,,,0.05,,,,,,,,0.1,0.1,,,0.5,,,,,,,,,0.2,,0.5,,,,,,0.02,0.02,,,,,,,,,,,,,,,,
185,BROAD BEAN,BROAD BEAN,,,,,,,,,,,,,,,,,,,,,,,,,,,,,,,,,,,,,,,,,,,,,,,,,,,,,,,,,,,,,,,,,,,,,,,,,,,,,,,,,,,,,,,,,0.5,,,,,,,,,,,,,,,,,,,,,,,,,,,,,,,,,,,,,,,,,,,,,,,,,,,,,,,,,,,,,,,,,,,,,,,,,,,,,,,,,,,,,,,,,,,,,,,,,,,,,,,,,,,,,,,,,,,,,,,,,,,,,,,,,,,,,,,,,,,,,,,,,,,,,,,,,,,,,,,,,,,,,,,,,,,,,,,,,,,
186,BROCCOLI,BROCCOLI,,,,,,,0.05,,,,,,,,,,,0.5,,,,,0.2,,,,,,0.05,,,,,,,,0.2,,,0.2,,,,,,,,,0.5,,,,0.1,,,0.01,,,,,,,,,,,,,,,,,,,,0.5,,,,,,,,,0.05,,,,,,,0.01,,,,,,,,,,,,,,,,,,,,,,,0.4,,,,,,,,,,,,,,,,,,,,,0.05,,,,,,0.02,,,,,,,,0.5,,,,5.0,,,,,,0.02,,,0.1,,,,,,,,,,,,,,,,,,,,,,,,,0.02,,,,,,,,,,,,,,,,,,,,,,,,0.2,,,,,,0.1,,,,0.05,,,,,,,,,0.1,,0.1,,,,0.1,,,,0.01,,0.2,,,,,,,,0.02,0.02,,,,,,,,,,,,,,,,
190,BRUSSELS SPROUTS,BRUSSELS SPROUTS,,,,,,,,,,,,,,,,,,,,,,,,,,,,,,,,,,,,,,,,,,,,,,,,,,,,,,,,,,,,,,,,,,,,,,,,,,,,,,,,,,,,,,,,,,,,,,,,,,,,,,,,,,,,,,,,,,,,,,,,,,,,,,,,,,,,,,,,,,,,,,,,,,,,,,,,,,,,,,,,,,,,,,,,,,,,,,,,,,,,,,,,,,,,,,,,,,,,,,,,,,,,,,,,,,,,,,,,,,,,,,,,,,,,,,,,,,,,,0.1,,,,,,,,,,,,,,,,,,,,,,,,,,,,,,,
201,CABBAGE,CABBAGE,,,,,,,0.05,,,,,,,,,,,0.5,,,,,0.2,,,,,,,,,,,,,,0.2,,,0.2,,,,,0.05,,0.1,,0.5,,,,0.1,,,0.01,0.2,,,,,,1.0,,,,,,0.2,0.05,,,,,,,,,,,0.2,,,,0.05,,,,5.0,,,0.01,,3.0,,,,,,,,,,,,,,,,,,,0.1,,0.4,,,,,,,,,,,,,,,,,,,,,0.05,,,,,,0.02,,,,,,,,0.5,,0.02,,,,,,,,0.02,,,0.1,1.0,,,,,,,,,0.02,0.5,,,,,5.0,,,,,,,,,0.02,,,0.02,,,,0.02,,,,,,,,,,,,1.0,,,,,0.2,,,,,,0.1,0.05,,,0.05,,,,,0.02,,,0.1,0.1,,0.1,,,,0.1,,,,0.01,,0.2,,0.5,,,,,,0.02,0.02,,0.05,,,,,,,,,,,,,,
229,CAROB,CAROB,,,,,,,,,,,,,0.02,,,,,,,,,,,,,,,,,,,,,,,,,,,,,,,,,,,,,,,,,,,,,,,,,,,,,,,,,,,,,,,,,,,,,,,,,,,,,,,,,,,,,,,,,,,,,,,,,,,,,,,,,,,,,,,,,,,,,,,,,,,,,,,,,,,,,,,,,,,,,,,,,,,,,,,,,,,,,,,,,,,,,,,,,,,,,,,,,,,,,,,,,,,,,,,,,,,,,,,,,,,,,,,,,,,,,,,,,,,,,,,,,,,,,,,,,,,,,,,,,,,,,,,,,,,,,,,
230,CARROT,CARROT,0.01,,,,0.01,,0.05,,0.02,,0.1,,,,,,1.0,0.05,,,,,0.05,,0.4,,,,0.05,0.05,,,,0.2,,,0.05,,,0.2,,,1.0,,,,0.1,,0.5,,,,,,0.3,,0.2,,,,,,0.05,,0.2,,0.2,0.2,0.04,0.01,,,,,,0.2,,,,,,,,,0.15,,,,0.5,,,0.01,,0.05,,,,,,,,0.1,,,,,,,,,,,0.1,,0.02,0.3,0.7,,,,,,,0.05,,,0.01,,,,0.2,0.02,,,,,,,,,,,,,,,,,,0.05,,0.05,,10.0,,,,,0.02,0.05,,0.05,0.05,,,,,,,,0.1,,,0.05,,,,,0.1,,,0.05,,0.01,,,,0.02,,,,0.01,,,,,,,0.05,,0.1,,,,,,,,,,,,0.01,,,,,,0.1,,,0.5,,,,,,,,0.1,,,0.05,,,,,,,,,0.05,0.2,,,,,0.05,,1.0,,0.01,,,,,,0.1,,,,0.1,,,,,,
237,CATTLE,CATTLE,,,,,,,,,,,,,,,,,,,,,,,,,,,,,,,,,,,,,,,,,,,,,,,,,,,,,,,,,,,,,,,,,,,,,,,,,,,,,,,,,,,,,,,,,,,,,,,,,,,,,,,,,,,,,,,,,,,,,,,,,,,,,,,,,,,,,,,,,,,,,,,,,,,,,,,,,,,,,,,,,,,,,,,,,,,,,,,,,,,,,,,,,,,,,,,,,,,,,,,,,,,,,,0.1,,,,,,,,,,,,,,,,,,,,,,,,,,,,,,,,,,,,,,,,,,,,,,,,,,,,,,,,,,,,,,
238,CAULIFLOWER,CAULIFLOWER,,,,,,,0.05,,,,,,,,,,,0.5,,,,,0.2,,,,,,0.05,,,,,,,,0.2,,,0.2,,,,,,,0.1,,,,,,0.1,,,0.01,0.2,,,,,,1.0,,,,,,0.2,0.05,,,,,,,,,,,0.2,,,,0.05,,,,5.0,,,0.01,,2.0,,,,,,,,,,,,,,,,,,,0.1,,0.4,,,,,,,,,,,,,,,,,,,,,0.05,,,,,,0.02,,,,,,,,0.5,,0.02,,5.0,,,,,,0.02,,,0.1,,,,,,,,,,,,,,,,2.0,,,,,,,,,0.02,,,0.02,,,,0.02,,,,,,,,,,,,,,,,,0.2,,,,,,,0.05,,,0.05,,,,,,,,0.1,0.1,,0.1,0.5,,,0.1,,,,0.01,,0.2,,0.5,,,,,,0.02,0.02,,0.05,,,,,,,,,,,,,,
243,CELERIAC,CELERIAC,,,,,0.01,,3.0,,,,,,,,,,0.5,,,,,1.0,1.0,,2.0,,,,,,,,,2.0,,,,,,,,,3.0,,,,,,0.5,,,,,,,,0.2,,,,,,0.2,,,,5.0,,0.5,,,,,,,0.4,,0.02,,,10.0,,,,,,,,5.0,,,0.01,,,,,,,0.2,,,,,,,,,,,,,,0.1,,,,,,,,,,,,,,,,,,,,,,,,,,,,,0.02,,,,,,,,,,2.0,,5.0,,,,,,,,0.05,0.05,1.0,,,,,,,,,,,,,,1.0,2.0,0.05,,,,,,,,1.0,,,0.02,,,,0.02,,,,,,,,,,,,1.0,,,,0.2,,,,,,,1.0,0.2,,,,,,,,,,,0.1,,,0.1,,,,1.0,,,,,,0.2,,0.5,,,0.05,,,0.5,,,0.05,2.0,,,,,,,,,,,,,
247,CEREALS,CEREALS,,,,,,,,,,,0.02,,,,,,,,,,,,,,,,,,,,,,,,,,,,,,,,,,,,,,,,,,,,,,,,,,,,,,,,,0.1,,,,,,,,,,,,,,,,,,,0.1,,,,,,,,,,,,,,,,,,,,,,,,,,,,,,,,,,,,,,,,,,,,,,,,,,,,0.1,,,,0.02,,,,,,,,,,,,,,,,,,,,,,,,0.5,,,,,,,,,,,,,,,,,,,,,,,,,,,,,,0.02,,,,,,,,,,,5.0,,,,,,,,,,,,,,,,,,,,,,,,,,,,,,,,,,,,,,,,,,,,,,,,,,,,,,,,,,,,
255,CHERBIL,CHERBIL,,,,,,,,,,,,,,,,,,,,,,,,,,,,,,,,,,,,,,,,,,,,,,,,,,,,,,,,,,,,,,,,,,,,,,,,,,,,,,,,,,,,,,,,,,,,,,,,,,,,,,,,,,,,,,,,,,,,,,,,,,,,,,,,,,,,,,,,,,,,,,,,,,,,,,,,,,,,,,,,,,,,,,,,,,,,,,,,,,,,,,,,,,,,,,,,,,,,,,,,,,,,,,,,,,,,,,,,,,,,,,,,,,,,,,,,,0.05,,,,,,,,,,,,,,,,,,0.5,,,,,,,,,,,2.0,,,,,,
258,CHERRY,CHERRY,,,,,,,,,0.2,,,,,,,,,,,,,,,,,,,,,,,,,,,,,,,,,,,,,,,,,,,,,,,,,,,,,,,,0.2,,,,,,,,,,,,,0.02,,,,,,,0.05,,,,,0.1,,,,,,,,,,,,,,,,,,,,,,,,,,0.2,,,,,,,,,,,,,,,,,,,,,,,,,,,,,,,,,,,,,,,,,,,,,,,,2.0,,,,,,,,,,,,,,,,,,,,,,,,,,,,,,,,,,,,,,,,,,,,,,,,,,,,,,,,,,,,,,,,,,,,,,0.05,0.05,,,,,,,,,,,,,,,,,,,,,,,,,,,1.5,,,,,,
267,CHICK PEA,CHICK PEA,,,,,0.02,,,0.02,,,,,0.02,,,,0.05,,0.02,,,,0.01,,0.5,,,,,,,,,,0.01,0.01,0.05,,,,,,1.0,,,,,,0.5,,,,,,,,0.2,,,,,,,0.05,,,,,,,,,0.2,,,0.1,,,,,,,,,,,,,0.5,,,,,,,,,,,0.05,,,,,,,,,,,,,0.1,,0.15,,,0.02,,0.01,,,,,,,0.01,,,,,,0.01,,,,,,0.1,,,0.02,,,,,,,,0.3,,0.02,,,,,,0.01,,0.05,,,,,,,,,,,,,,0.05,,,0.05,0.05,,,0.1,,,,,,,,,,,,,,,,,,,,,,,,,,,,,,,,0.01,,,0.02,,,0.05,,,1.0,0.05,,,,,,,0.1,,,0.01,,,,,,0.01,,,,0.2,,,,0.02,,,,,,,,,,,,,,,,,,,,,
277,CHINESE CABBAGE,CHINESE CABBAGE,,,,,,,,,,,,,,,,,,,,,,,,,,,,,,,,,,,,,,,,0.2,,,,,0.1,,0.1,,,,,,0.1,,,,,,,,,,,,,,,,,,,,,,,,,,,,,,,,,,,,5.0,,,,,,,,,,,,,,,,,,,,,,,,,,,,,,,,,,,,,,,,,,,,,,,,,,,,,,,,,,,,,0.5,,,,5.0,,,,,,,,,0.05,,,,,,,,,,,0.5,,,,,,,,,,,,,,,,,,,,,,,,,,,,,,,,,,,,,,,,,,,,0.1,,,,,,,,,,,,,,,,,,,,,,,,,,,,,,,,,,,,,,,,,,,,,,,,,,
282,CHIVES,CHIVES,,,,,0.05,0.7,,,,,,,,,,,15.0,,,,,1.0,1.0,,4.0,,,,,,,,,,,,,,,2.0,,,0.5,,,,,,,,,,,,,,,,,,,,,,1.0,,,,,,,,,,,0.6,,,,,,0.01,,,3.0,,,,1.0,,,0.1,,,,,,,0.2,,,,,,,,,,,,,,,,,1.0,,,,,,,,,,,,,,,,,,,,,,,,,,,,,,,,,,0.3,,2.0,,,1.5,,,,,,,,0.05,,,,,,,,,,,0.5,,,,1.0,0.6,,,,,,,,,,,,,,,,,,,,,,,,,,,,,,,,,,,,,,,,0.2,,,,,,,,,,,,,,0.05,2.0,,,1.0,,,,,,,,,,,,,,1.0,,,,,,,,,,,,,,,,,
289,CITRUS FRUIT,CITRUS FRUIT,,,,1.0,0.01,,0.05,,,,,,0.02,,,,0.3,,,,,,0.05,,0.1,0.1,2.0,,,,0.3,15.0,,,,0.02,,,,,,3.0,,,0.3,,,,0.5,,0.5,,,,,,0.2,,0.1,,2.0,,,,,,,,,,,0.01,,5.0,,,,0.02,,,,,,,,,,,1.0,0.1,,,,,,,,0.2,0.05,0.05,,,,0.1,,5.0,,,,0.05,0.1,,,,,1.0,,0.02,,,0.01,,,,,,,0.01,,,0.2,,,,,,5.0,0.01,0.2,5.0,,,,,5.0,,,,,0.5,,,,1.0,,0.01,,,,,,,,2.0,,,,,,,,,,5.0,0.05,,,0.05,,,,,,,0.05,0.01,3.0,,10.0,,0.02,,,,0.02,,0.02,,,,,,,,,,,,,,,,,,,0.02,,0.1,0.03,,,,,5.0,,,0.5,,,0.1,,,0.02,0.05,0.05,,0.5,,,,0.5,0.5,,0.05,1.0,,,,2.0,5.0,,0.05,,,,,,,,,0.01,,,,,,,
296,CLOVER,CLOVER,,,,,,,,,,,,,,,,,,,,0.2,,,,,,,,,,,,,,,,,,,,,,,,,,,,,,,,,,,,,0.2,,,,,,,,,,,,,,,,,,,,,,,,,,,,,,,,,,,,,,,,,,,,,,,,,,,,,,,,0.1,,,,,,,0.01,,,,,,,,,,,,,,,,,,,,,,0.02,,,,0.01,,,,,,,,,,,,,,,,,,,,,,,,,,,,,,,,0.05,,,,,,,,,,,,,,,,,,,,,,,,,,,,,,,,,,,0.01,,,0.02,,,,,,,,,,,,,,,,,,,,,,,,,,,,,,,,,,,,,,,,,,2.0,,,,,,,,,,
315,CORIANDER,CORIANDER,,,,,,0.7,3.0,0.02,,,,,,,,,0.6,,,,,1.0,1.0,,4.0,,,,,,,,,,,,,,,2.0,,,0.05,,,,,,,,,,,,,,,,,,,,,,1.0,,,,,,,,,,,0.4,,,,,10.0,,,,3.0,,,,5.0,,,0.1,,,,,,,0.2,,,,,,,,,,,,,,,,,1.0,,,,,,,,,,,0.01,,,,,,,,,,,,,,,,,,,,,,,2.0,,2.0,,,,,,,,,,,0.05,,,,,,,,,,,0.5,,,,1.0,0.6,,,,,,,,,,,,,,,,,,,,,,0.2,,,,,,1.0,,,,,,,,,,,1.0,2.0,,,1.0,,3.0,,,,,,,,,0.05,2.0,,,1.0,,,,,,,,,,,0.02,,,0.5,,,,,,,,,,,2.0,,,,,,
316,CORN,CORN,,,,,,,0.05,,,0.02,,,0.02,,0.01,,0.02,,,,,,,,,,,,,,,,,,0.01,0.02,0.01,,,0.01,,,,,,,,,,,,,,,,,,,,,,,,0.02,,0.01,,,,,,,,,,,,0.02,,,,,,,,,,,2.0,,,,,,,,,,,,,,,,,,,,,,0.05,,,,0.02,,,0.01,,,,,,,,,,0.01,,,,,,0.05,,,,,0.1,,,,,,,,,,,0.01,,0.02,,5.0,,,0.05,0.01,,0.05,,,0.1,0.01,,,0.5,,,,,,0.01,,,,,,0.02,0.05,,,,,,,,0.02,,,,,,,,,0.02,,,,,,,,,,,,,,,,,,,,,,,,,0.05,0.05,,,,,,,,,0.1,0.01,0.05,,,,,,,,,,,0.2,,,,1.0,,0.1,,,,,,,,,,,,,0.2,,,,
317,COTTON,COTTON,,,,,0.01,,0.05,,,0.02,,,0.02,0.5,,0.1,0.02,,,,,,0.02,,0.2,,,0.1,,,0.1,,,,0.01,0.02,0.05,,,0.5,,,,,,,,,0.5,,,,,,,,0.2,,,0.05,0.05,,0.2,,,,,,0.1,0.05,,,,,,0.1,,,,,,,,,0.05,,0.02,,2.0,0.1,,0.01,,0.2,,0.1,,,,0.05,,,,,,,,,,,,,0.1,,,,,,,,,0.1,,,,,0.01,,,,,,,,,,,0.01,0.5,,,0.02,0.02,,,,,,,0.1,,0.02,,,,,,,,0.05,,0.05,0.05,,,,,,,,,,,0.05,,,,,0.5,0.5,,,,,,0.01,,0.02,,,,,,,0.02,,0.02,0.03,,,0.1,,,,,,0.05,,,,,,0.01,0.1,,,,,0.2,,,0.05,,,,,0.02,0.05,,0.1,0.1,,0.01,,,0.02,,,,,,,0.2,,0.2,,,,1.0,,0.02,,0.01,,,,,,,,,,0.01,,,,,
338,CUCUMBER,CUCUMBER,0.01,,,,0.01,0.05,0.05,,0.2,,,0.02,,,,,0.5,0.05,,,0.05,0.05,,,0.3,,,,0.05,0.03,1.0,,,0.1,,,0.02,,0.05,0.2,,,5.0,,,,,,,,1.0,,,,,0.05,,0.1,0.1,0.5,,0.05,0.2,0.3,0.3,,0.2,,0.2,0.05,,,,,0.1,,,,,,0.1,0.01,,0.05,0.1,,,,1.0,,,,,0.2,0.02,,,2.0,0.02,,0.05,,0.05,0.1,0.2,0.5,0.5,,,0.05,0.05,,0.1,,0.01,0.2,0.2,,,,,,0.1,0.2,,,,,,,,0.5,,,,0.2,2.0,,,,,,,0.05,,,,,,1.0,,,,2.0,0.05,,,,0.1,0.02,,,,3.0,,,,,,0.1,,,,0.5,0.05,,,,0.2,,,,0.3,,0.01,,0.3,,,,,0.01,,,,,,,0.1,,,,,,,,1.0,,0.02,,,2.0,,0.5,,,,,2.0,,0.05,0.1,,1.0,,0.05,,,,,,,0.05,0.5,0.02,0.02,,,,,,,0.02,0.05,,,,0.1,1.0,,,0.1,,0.05,,0.02,,0.1,,,,,,,0.5,,0.05,
339,CUCURBITS,CUCURBITS,,,,,,,,,,,,,,,,,,,,,,,,,,,,,,,,,,,,,,,,,,,,,,,,,,,,,,,,,0.2,,,,,,,,,,,,,,,,,,,,,,,,,,,,,,,,,,,,,,,,,,,,,,,,,,,,,,,,,,,,,,,,,,,,,,,,,,,,,,,,,,,,,,,,,,,,,,,,,,,,,,,,,,,,,,,,,,,,,,,,,,,,,,,,,,,,,,,,,,,,,,,,,,,,,,,,,,,,,0.5,,,,,,,,,,,,,,,,,,,,,,,,,,,,,,,,,,,,,,,,,,,,,,,,,,,,,,
348,CYMBOPOGON,CYMBOPOGON,,,,,,,3.0,,,,,,,,,,,,,,,,,,,,,,,,,,,,,,,,,,,,,,,,,,,,,,,,,,,,,,,,,,,,,,,,,,,,,,,,,,,,,,,,,,,,,,,,,,,,,,,,,,,,,,,,,,,,,,,,,,,,,,,,,,,,,,,,,,,,,,,,,,,,,,,,,,,,,,,,,,,,,,,,,,,,,,,,,,,1.0,0.6,,,,,,,,,,,,,,,,,,,,,,,,,,,,1.0,,,,,,,,,,,,,,,,,,,,,,,,,,,,,,,,,,,,,,,,,,,,,,,,,,,,,,,,,,,,,
350,DATE,DATE,,,,,0.01,,,,,,,,,,,,,,,,,,,,,,,,,,,,,,,0.02,0.15,,,,,,,,0.1,,,,,,,,,,,,,,,,,,,,,,,,,,,,,,,,,0.02,,,,,,,,,,,,0.1,,,,,,,,,,,,,,,,0.5,,,,,,,,,,,,,,,,,,,,,,0.01,,,,,,,,,,0.01,,,,,,,,,,0.01,,0.05,,,,,,,,,,0.01,,,,,,,,,,,,,,,,,,,,,,,,,,,,,,,,,,,,,,,,,,,,,,,,,,,,,,,,,,,,0.02,,,,,,,,,,,,,,0.05,,,,,,,,,0.02,,2.0,,,,0.5,,,,,,,,,,,,,,,2.0,,0.05,,
354,DILL,DILL,,,,,,0.7,3.0,0.02,,,,,,,,,2.5,,,,,1.0,1.0,,4.0,,,,,,,,,,,,,,,,,,0.05,,,,,,0.5,,,,,,,,,,,,,,,,1.0,,,,,,,,,,,0.4,,,,,10.0,,,,3.0,,,,5.0,,,0.1,,,,,,,0.2,,,,,,,,,,,,,,,,,1.0,,,,,,,,,,,0.01,,,,,,,,,,,,,,,,,,,,,,,2.0,,2.0,,,,,,,,,,,0.05,,,,,,,,,,,0.5,,,,1.0,0.6,,,,,,,,,,,,,,,,,,,,,,0.2,,,,,,1.0,,,,0.2,,,,,,,1.0,2.0,,,1.0,,3.0,,,,,,,,,0.05,2.0,,,1.0,,,,,,,,,,,,,,0.5,,,,,,,2.0,,,,2.0,,,,,,
362,EDIBLE OFFAL,EDIBLE OFFAL,,,,0.05,,,,,,,,,,0.2,,,,,,,,,,,,,,,,,,,,,,,,,,,,0.5,,,,,,,0.1,,,,,,,,,,,,,,0.05,,,,0.3,0.3,0.03,,,,,,,,,,,,,,,,,,,,,,,,,,,,,,,,,,,,,,,,,,,,,,,,,,,,,,,,,,,,,,,,,,,,,,,,,,,,,,,,,,,,,,,,,,,,0.01,,,,,,,,,,,,,,,,,,0.02,,0.02,,,,,,,,,,,,,,,,,,,,,0.1,,,,,,,,,,,,,,,,,,,,,,,,,,,,,,,,,,,,,,,,,0.05,,,,,,,,,,,,,,0.01,,,,,,,,,,,
366,EGG PLANT,EGG PLANT,,,,,0.01,0.7,0.05,,0.2,,,,,,,0.1,0.5,,,,,0.05,0.2,,0.3,,,,,,0.2,,,0.1,,,,,,0.2,,,,,,,,,0.5,,1.0,,,,,0.2,,0.05,0.1,,0.1,,0.2,0.05,0.5,,0.5,,0.2,0.05,,,,,0.1,,,,,,,0.01,,0.05,0.02,,,,3.0,,,0.01,,0.5,,,,2.0,0.05,,,,0.5,0.1,0.5,0.5,0.5,,,0.05,,,,,,0.3,0.05,,,,,,,,,,,,,,0.02,,,,,0.5,,,,,,,,,,,,,,0.3,,,,5.0,,,,,,0.2,,,0.2,0.5,,,,,,,,,,,0.05,,,,0.2,,,0.2,,,0.05,,0.3,0.05,,,0.02,2.0,,,0.02,,,,0.2,,,,,,,,,,5.0,,,,,0.5,,,,,0.03,,0.05,,,,0.02,,0.02,,,,,,,0.05,,1.0,0.05,,,,,,0.2,0.05,0.5,,,,1.0,,,0.05,,,,,,0.1,,,,0.2,,,0.5,,,
370,EGGS,EGGS,,,,0.01,,,,,,,0.1,,,,0.02,,,,,,,,,,,,,,,,,,0.05,,,,,0.02,,,,0.1,,,,,,,0.05,,,,,,,,,,,,,,,,,,0.1,0.1,0.02,,,,,,,,,,,,,,,,,,,,,,,,,,,,,,,,,,,,,,,,,,,,,,,,,,,,,,,,,,,,,,,,,,,,,,,,,,0.05,,,,,,,,,,,,,,,,,,0.01,,,,,,,,,,,,,,,,,,0.02,,0.02,,,,,,,,,,,,,,,,,,,,,0.1,,,,,,0.01,,,,,,,,,,,,,,,,,,,,,,,,,,,,,,,,,,,0.01,,,,,,,,,,,,,,0.01,0.01,,,,,,,,,,
377,ESTRAGON,ESTRAGON,,,,,0.05,0.7,3.0,,,,,,,,,,0.6,,,,,1.0,1.0,,4.0,,,,,,4.0,,,,,,,,,2.0,,,1.0,,,,,,,,,,,,,,,,,,,,,1.0,1.0,,,,,,,,,,,0.4,,,,,10.0,,,,3.0,,,,5.0,,,0.1,,,,,,,2.0,,,,,,,,,,,,,,,,,1.0,,,,,,,,,,,,,,,,,,,,,,,,,,,,,,,,,,2.0,,2.0,,,,,,,,,,,0.05,,,,,,,,,,,,,,,1.0,0.6,,,,,,,,,,,,,,,,,,,,,,,,,,,,1.0,,,,,,,,,,,1.0,2.0,,,,,3.0,,,,,,,,,0.05,2.0,,,1.0,,,,,,,,,,,,,,1.0,,,,,,,,,,,,,,,,,
379,FAT,FAT,,,,,,,,,,,,,,,,,,,,,,,,,,,,,,,,,,,,,,,,,,,,,,,,,,,,,,,,,,,,,,,,,,,,,,,,,,,,,,,,,,,,,,,,,,,,,,,,,,,,,,,,,,,,,,,,,,,,,,,,,,,,,,,,,,,,,,,,,,,,,,,,,,,,,,,,,,,,,,,,,,,,,,,,,,,,,,,,,,,,,,,,,,,,,,,,,,,,,,,,,,3.0,,,,,,,,,,,,,,,,,,,,,,,,,,,,,,,,,,,,,,,,,,,,,,,,,,,,,,,,,,,,,,,,,,
380,FEIJOA,FEIJOA,,,,,,,,,,,,,0.02,,,,,,,,,,,,,,,,,,,,,,,,,,,,,,,,,,,,,,,,,,,,,,,,,,,,,,,,,,,,,,,,,,,,,,,,,,,,,0.1,,,,,,,,,,,,,,,,,,,,,,,,,,,,,,,,,,,,,,0.01,,,,,,,,,,,,,,,,,,,,,,,,,,,,,,,,,,,,,,,,,,,,,,,,,,,,,,,,,,,,,,,,,,,,,,,,,,,,,,,,,,,,,,,,,,,,,,,,,,,,,,,,,,,,,,,,,,,,,,,,,,,,,,,,,,,,,,,,,,,,
381,FENNEL,FENNEL,,,,,,,,,,,,,,,,,,,,,,,,,,,,,,,,,,,,,,,,,,,,,,,,,,,,,,,,,,,,,,,,,1.0,,,,,,,,,,,,,,,,,,,,,,,,,,,,,,,,,,,,,,,,,,,,,,,,,,,1.0,,,,0.01,,,,,,,,,,,,,,,,,,,,,,,,,,,,,,,,,,,,,,,,,,,,,,,,,,,,,,,,,,,0.6,,,,,,,,,,,,,,,,,,,,,,,,,,,,,,,,,,,,,,,,,,,,,,,,,,,,,,,2.0,,,,,,,,,,,,,,,,,,,,,,,,,,,,,,,,,,
386,FIG,FIG,,,,,,,,,,,,,,,,,,,,,,,,,,,,,,,,,,,,,,,,,,,,,,,,,,,,,,,,,,,,,1.0,,,,,,,,0.15,,,,,,,,,,,,,,,,,,,,,,,,,,,,,,,,,,,,,,,,,,,,,,,,,,,,,,,,,,,,,,,,,,,,,,,,,,,,,,,,,,,,,,,,,,,0.02,,,,2.0,,,,,,,,,,,,,,,,,,,,,,,0.01,,,,,,,,,,,,,,,,,,,,,,,,,,,,,,,,,,,,,,,,,,,,,,0.01,,,,,,,,,,,,,,,,,,,,,,,,,,,,,,,,,,,
406,FODDER BEET,FODDER BEET,,,,,,,,,,,,,,,,,,,,,,,,,,,,,,,,,,,,,,,,,0.01,,,,,,,,0.5,,,,,,,,0.2,,,,,,,,,,,,,,,,,,,,,,,,,,,,,,,,,,,,,0.05,,,,,,,,,,,,,,,,,,,0.1,,,,,,,,,,,,,,,,,,,,,,,,,,,,,,,,,,,,,,,,,,,,,,,,,,,,,,,,,,,,,,,0.01,,0.05,0.1,,,,,,,,,,,,,,,,,,,0.2,,,,,,,,,,,,,,,,,,,,,,,,,,,,,,,,,,,,,,,,,,,,,,,,,,,1.0,,,,,,,,,,,,,,,,,,,
416,FORAGE CORN,FORAGE CORN,,,,,,,,,,,,,,,,,,,,,,,,,,,,,,,,,,,,,,,,,,,,,,,,,,,,,,,,,,,,,,,,,,,,,,,,,,,,,,,,,,,,,,,,,,,,,,,,,,,,,,,,,,,,,,,,,,,,,,0.02,,,,,,,,,,,,,,,,,,,,,,,,,,,,,,,,,,,,,,,,,,,,,,,,,,,,,,,,,,,,,,,0.1,,,,,,,,,,,,,,,,,,,,,,,,,,0.05,,,,,,,,,,,,,,,,,,,,,,,,,,,,,,,,,,,,0.2,,,,,,,,,,,,,,,,,,,,,,,,,
436,FRUITS,FRUITS,,,,,,,,,,,,,,,,,,,,,,,,,,,,,,,,,,,,,,0.02,,,,,,,,,,,,,,,,,,,,,,,,,,,,,,,,,,,,,,,,,,,,,,,,,0.05,,,,,,,,,,,,,,,,,,,,,,,,,,,,,,,,,,,,,,,,,,,,,,,,,,,0.01,0.2,,,,,,,,,,,,,,,,,,,,,,,,,,,,,,,,,,,,,,,,,,,,,,,0.01,,,,,0.02,,,,0.02,,0.02,,,,,,,,,,,,,,,,0.01,,,,,,,,,,,,,,,,,,,,,,,,,,,,,,,,,,,,,,,,,,,,,,,,,,,,,,,
442,GARLIC,GARLIC,,,,,,,,,,,,,,,,,0.05,,,,,,,,1.5,,,,,,,,,,,,,,,,,,0.02,,,,,,,,,,,,,,0.2,,,,,0.05,0.1,0.05,,,,,0.04,,,,,,,0.1,,0.02,,,,,,,,,,,0.5,,,,,0.05,,,,,,,,0.05,,,,,,,,,,,0.1,,,,,,,,,,,,,,,,,,,,,,,0.3,,,,,,0.02,,,,,,,,,,,,,,,,,,,,,,0.5,,,,,,,,,,,,,,,,,,0.05,,,,,0.3,,,0.01,0.02,0.005,,,0.02,,,,,,0.1,,,,,,,,,,,,0.01,,,,,,0.3,,,,,,,,,,,0.1,,,,,,,,,,,,,0.2,,,,,,,,,,,,,,,,,,,0.1,,,,,,
454,GOOSEBERRY,GOOSEBERRY,,,,,,,,,,,,,,,,,,,,,,,,,,,,,,,,,,,,,,,,,,,,,,,,,,,,,,,,,,,,,,,,,,,,,,,,,,,,,,,,,,,,,,,,,,,,,,,,,,,,,,,,,,,,,,,,,,,,,,,,,,,,,,3.0,,,,,,,,,,,,,,,,,,,,,,,,,,,,,,,,,,,,,,,,,,,,,,,,,,,,,,,,,,,,,,,,,,,,,,,,,,,,,,,,,,,,,,,,,,,,,,,,,,,,,,,,,,,,,,,,,,,,,,,,,,,,,,,,,,,,,,,,,,,,,,
499,GRAPES,GRAPES,,,,,0.02,,0.05,,0.3,,,0.5,0.02,,,,0.6,0.3,,,0.2,,2.0,,6.0,,2.0,,,0.2,2.0,5.0,,,,0.02,0.4,,,,,,,,0.1,,,,0.5,,,,,,1.0,,0.2,0.1,,,,,1.0,,2.0,,,,0.2,,,,,,,0.1,,0.02,,,0.5,,,0.05,0.1,,,,5.0,0.1,,0.3,,0.5,,2.0,,2.0,,,0.5,0.02,0.3,,1.0,,4.0,,2.5,0.05,0.5,,0.1,0.2,1.0,1.0,,0.02,2.0,,0.01,,,0.4,,,,,,,,7.0,,,0.01,,5.0,0.01,0.2,,,0.02,,,,,,,,0.1,,1.0,,10.0,0.05,,,,0.5,0.2,,0.05,3.0,,,,,,,,0.1,,,1.0,,,,0.05,,2.0,,0.2,5.0,,,,1.0,,,,0.02,,0.15,,0.02,,,,0.2,,,,,,,,,,,,,,0.01,,,0.02,0.05,,2.0,,,,,2.0,,,,,0.5,,,,0.1,0.2,,,0.5,0.05,,,,1.0,2.0,,1.0,,,0.5,,,0.02,0.3,,,,,,2.0,,,,1.0,,,,,,
522,GUAVA,GUAVA,,,,0.05,,,,,,,,,0.02,,,,,,,,,,,,,,,,,,,,,,,,,,,,,,,,,,,,,,,,,,,,,,,,,,,,,,,,,,,,,,,,,,,,,,,,,,,,,0.1,,,,,,,,,,,,,,,,,,,,,,,,,,,,,,,0.01,,,,,,,,,,,,,,,,,,,,,,,,,,,,,,,,,,,,,,,,,,,2.0,,,,,,,,,,,,,,,,,,,,,,,,,,,,,,,,,,,,,,,,,,,,,,,,,,,,,,,,,,,,,,,,,,,,,,,,,,,,,,,,,,,,,,,,,,,,,,,,,,,,,,,,
541,HERBS,HERBS,,,,,,,,,,,,,,,,,,,,,,,,,,,,,,,,,,,,,,,,,,,,,,,,,,,,,,,,,0.2,,,,,,,,,,,,,,,,,,,,,,,,,,,,,,,,,,,,,,,,,,,,,,,,,,,,,,,,,,,,,,,,,,,,,,,,,,,,,,,,,,,,,,,,,,,,,,,,,,,,,,,,,,,,,,,,,,,,,,,,,,,,,,,,,,,,,,0.02,,,,,,,,,,,,,,,,,,,,,,,,,,,,,,,,,,,,,,,,,,,,,,,,,,,,,,,,,,,,,,,,,,,,,,,,,,,,,
545,HONEY,HONEY,,,,,,,,,,,,,,0.2,,,,,,,,,,,,,,,,,,,,,,,,,,,,,,,,,,,,,,,,,,,,,,,,,,,,,,,,,,,,,,,,,,,,,,,,,,,,,,,,,,,,,,,,,,,,,,,,,,,,,,,,,,,,,,,,,,,,,,,,,,,,,,,,,,,,,,,,,,,,,,,,,,,,,,,,,,,,,,,,,,,,,,,,,,,,,,,,,,,,,,,,,,,,,,,,,,,,,,,,,,,,,,,,,,,,,,,,,,,,,,,,,,,,,,,,,,,,,,,,,,,,,,,,,,,,,,
553,HYSSOP,HYSSOP,,,,,0.05,,,,,,,,,,,,,,,,,,,,,,,,,,,,,,,,,,,,,,,,,,,,,,,,,,,,,,,,,,,1.0,,,,,,,,,,,,,,,,,,,,,,,,,,,,,,,,,,,,,,,,,,,0.5,,,,,,,,,,,,,,,,,,,,,,,,,,,,,,,,,,,,,,,,,,,,,,,,,,,,,,,,,,,,,,,,,,,,,,,,,,,,,,,,,,,,,,,,,,,,,,,,,,,,,,,,,,,,,,,,,,,,,,,,,,,,,,,,,,,,,,,,,,,,,,,,,,,,,,,,,,,,,,,,,
564,JUJUBE CHINESE(SIMMONDSIA,JUJUBE CHINESE(SIMMONDSIA,,,,,,,,,,,,,,,,,,,,,,,,,,,,,,,,,,,,,,,,,,,,,,,,,,,,,,,,,,,,,,,,,,,,,,,,,,,,,,,,,,,,,,,,,,,,,,,,,,,,,,,,,,,,,,,,,,,,,,,,,,,,,,,,0.01,,,,,,,,,,,,,,,,,,,,,,,,,,,,,,,,,,,,,,,,,,,,,,,,,,,,,,,,,,,,,,,,,,,,,,,,,,,,,,,,,,,,,,,,,,,,,,,,,,,,,,,,,,,,,,,,,,,,,,,,,,,,,,,,,,,,,,,,,,,,
576,KIWI,KIWI,,,,,,,,,,,,,0.02,,,,,,,,,,,,,,,,,,,15.0,,,,,,,,,,,,,,,,,,,,,,,,,,,,,,,,,,,,,,,,,,,,,,0.02,,,,,,,,,,,,0.1,,,,,,,,,,,,,,,,,,,,,,,,,,12.0,,,,,0.01,,,,,,,,,,,,,,0.01,,,,,,,,,,,,,,,,,,,,,,,,,,,,,,,,,,,,,,,,,,,,,,,,,,,,,,,,,,,,,,,,,,,,,,,,,,,,,,,,,,,,,,,,,,,,,,,,,,,,,,,,,,,,,,,,,,,,,,,,,,,,,,,,,,,,,
577,KOHLRABI,KOHLRABI,,,,,,,,,,,,,,,,,,,,,,,,,,,,,,,,,,,,,,,,,,,,,,,0.1,,,,,,0.1,,,0.01,,,,,,,,,,,,,,,,,,,,,,,,,,,,,,,,,,,,0.01,,,,,,,,,,,,,,,,,,,,,,,,,,,,,,,,,,,,,,,,,,,,0.05,,,,,,,,,,,,,,0.5,,,,,,,,,,0.02,,,0.1,,,,,,,,,,,,,,,,,,,,,,,,,,,,,,,,,,,,,,,,,,,,,,,,,,,,,,,0.1,,,,,,,,,,,,,,,0.1,,,,0.05,,,,,,,,,,,,,,,0.02,,,,,,,,,,,,,,,,
579,KUMQUATS,KUMQUATS,,,,,,,,,,,,,,,,,,,,,,,,,,,,,,,,,,,,,,,,,,,,,,,,,,,,,,,,,,,,,,,,,,,,,,,,,,,,,,,,,,,,,,,,,,,,,,,,2.0,,,,,,,,,,,,,,,,,,,,,,,,,,,,,,,,,,,,,,,,,,,,,,,,,,,,,,,,,,,,,,,,,,,,,,,,,,,,,,,,,,,,,,,,,,,,,,,,,,,,,,,,,,,,,,,,,,,,,,,,,,,,,,,,,,,,,,,,,,,,,,,,,,,,,,,,,,,,,,,,,,,,,,,,,,,,
592,LEAFY VEGETABLES,LEAFY VEGETABLES,,,,,,,,,,,,,,,,,,,,,,,,,,,,,,,,,,,,,,,,,,,,,,,,,,,,,,,,,,,,,,,,,,,,,,,,,,,,,,,,,,,,,,,,,,,,,,,,,,,,,,,,,,,,,,,,,,,,,,,,,,,,,,,,,,,,,,,,,,,,,,,,,,,,,,,,,,,,,,,,,,,,,,,,,,,,,,,,,,,,,,,,,,,,,,,0.02,,,,,,,,,,,,,,,,,,,,,,,,,,,,,,,,,,,,,,,,,,,,,,,,,,,,,,,,,,,,,,,,,,,,,,,,,,,,,
593,LEEK,LEEK,,,,,,,,,,,,,,,,,,,,,,,,,,,,,,,,,,,,,,,,,,,,,,,,,,,,,,,,,,,,,,,,,,,,,,,,,,,,,,,,,,,,,,,,,0.5,,,,,,,,,,,,,,,,,,,,,,,,,,,,,,,,,,,,,,,,,,,,,,,,,,,,,,,,,,,,,,,,,,,,,,,,,,,,,,,,,,,,,,,,,,,,,,,,,,,,,,,,,,,,,,,,,,,,,,,,,,,,,,,,,,,,,,,,,,,,,,,,0.05,,,,,,,,,,,,,,,,,,,,,,,,,,,,,,,,,,,
595,LEGUMS,LEGUMS,,,,,,,,,,,,,,,,,,,,,,,,,,,,,,,,,,,,,,,,,,,,,,,,,,,,,,,,,,,,,,,,,,,,,,,,,,,,,,,,,,,,,,,,,,,,,,,,,,,,,,,,,,,,,,,,,,,,,,,,,,,,,,,,,,,,,,,,,,,,,,,,,,,,,,,,,,,,,,,,,,,,,,,,,,,,,,,,,,,,,,,,,,,,,,,,,,,,,0.02,,,,,,,,,,,,,,,,,,,0.02,,,,,,,,,,,,,,,,,,,,,,,,,,,,,,,,,,,,,,,,,,,,,,,,,,,,
611,LETTUCE,LETTUCE,,,,,,,0.05,,,,,,,,,,,,0.02,,,,0.1,,,,,,,,,,,5.0,,,0.2,,,0.2,,,,,0.1,,0.5,,0.5,,,,,,,,0.2,,,,,0.05,,,1.0,,,,0.2,,,,,,,,,,,,3.0,,,,0.05,,,,5.0,,,0.1,,,,,,,,,,,,,,,,,,,,,0.1,0.9,0.4,1.0,0.05,,,,,,,,,,,,,,,,,,,,1.0,,,,,0.02,,,,,,,,,,0.02,,10.0,,,,,,0.2,,,0.1,1.0,,,,,,,,,,2.0,0.05,,,,,0.05,,,,,,,,0.5,,,,,,,,,,,,,,,,,,,1.0,,,,,10.0,,,,0.02,,,1.0,,,0.02,,,,,,,,0.1,,,0.1,0.5,,,0.2,,,,,,,,,,,,,,,0.02,,,,,,,,,,,,,,,,
613,LICHEE,LICHEE,,,,,,,,,,,,,,,,,,,,,,,,,,,,,,,,,,,,,,,,,,,,,,,,,,,,,,,,,,,,,,,,,,,,,,,,,,0.5,,,,,,,,,,,,,,,,,,,,,,,,,,,,,,,,,,,,,,,,,,,,,,,,,,,,,,,,,,,,,,,,,,,,,,,,,,,,,,,,,,,,,,,,,,,,,,,,,,,,,,,,,,,,,,,,,,,,,,,,,,,,,,,,,,,,,,,,,,,,,,,,,,,,,,,,,,,,,,,,0.05,,,,,,,,,,,,,,,,,,,,,,,,,,,,,,,,,,
627,LOQUAT,LOQUAT,,,,0.05,,,,,,,,,,,,,,,,,,,,,,,,,,,,5.0,,,,,,,,,,,,,,,,,,,,,,,,,,,,,,,,,,,,,,,,,,,,0.1,,,,,,,,,,,,,,0.1,,,,,,,,,,,,,,,0.5,,,,,,,,,,,,,,,,,,,,,,,,,,,,,,,,,0.01,,,,,,,,,,,,,,,,,,,,,,,,,,,,,,,,,,,,,,,,,,,,,,,,,,,,,,,,0.01,,,,,,,,,,,,,,,,,,,,,,,,,,,,,,,,,,,,,,,,,,,,,,,,,,,,,,,,,,,,,,,,,,,,,,,,,,
628,LOVAGE,LOVAGE,,,,,,,,,,,,,,,,,,,,,,,,,,,,,,,,,,,,,,,,,,,,,,,,,,,,,,,,,,,,,,,,,,,,,,,,,,,,,,,,,,,,,,,,,,,,,,,,,,,,,,,,,,,,,,,,,,,,,,,,,,,,,,,,,,,,,,,,,,,,,,,,,,,,,,,,,,,,,,,,,,,,,,,,,,,,,,,,,,,,,,,,,,,,,,,,,,,,,,,,,,,,,,,,,,,,,,,,,,,,,,,,,,,,,,,,,0.05,,,,,,,,,,,,,,,,,,1.0,,,,,,,,,,,,,,,,,
654,MANGO,MANGO,,,,0.05,,,,,,,,,0.02,,,,0.05,,,,,,,,0.02,,,,,0.02,,,,,,0.02,,,,,,,,,0.5,,,,,,,,,,,,,,,,,,,0.05,,,,,,,,,,2.0,,,,0.02,,,,,0.05,0.05,,,,,,0.1,,,,,,,,,,,,,0.3,,0.5,,,,,,,,,,,,,,,,0.01,,,,,,,0.01,,,0.03,,,,,,,0.01,,,,,,,,,,,,0.2,,,,5.0,,,,,0.5,,,,,2.0,,,,,,,0.05,,,,,,,0.05,,,,,0.01,,,,0.5,,,,,,,,,,,,0.1,,,,,,,,,,2.0,,,,,,,0.02,,,,,,,,,,,,,,,,,,0.05,,,,,,,0.02,,0.02,,,,,0.05,,,,0.01,,,,,,0.5,,,,0.5,,,2.0,,,
655,MARJORAM,MARJORAM,,,,,,,3.0,,,,,,,,,,,,,,,,,,4.0,,,,,,4.0,,,,,,,,,2.0,,,,,,,,,,,,,,,,,,,,,,,,,,,,,,,,,,,,,,,,,10.0,,,,,,,,5.0,,,,,,,,,,2.0,,,,,,,,,,,,,,,,,,,,,,,,,,,,,,,,,,,,,,,,,,,,,,,,,,,2.0,,2.0,,,,,,,,,,,,,,,,,,,,,,,,,,1.0,0.6,,,,,,,,,,,,,,,,,,,,,,,,,,,,1.0,,,,,,,,,,,1.0,2.0,,,,,3.0,,,,,,,,,,,,,,,,,,,,,,,,,,,1.0,,,,,,,,,,,,,,,,,
659,MEAT,MEAT,,,,0.05,,,,,,,0.2,,,,0.02,,,,,,,,,,,,,,,,,,,,0.01,,,0.05,,,,0.2,,,,,,,0.1,,,,,,,,,,,,,,0.05,,,,0.05,5.0,0.5,,,,,,,,,,,,,,,,,,,,,,,,,,,,,,,,,,,,,,,,,,,,,,,,,,,,,,,,,,,,,,,,,,,,,,,,,,0.2,,,,,,,,,,,,,,,,,,0.1,,,,,,,,,,,,,,,,,,0.02,0.05,0.02,,,,,,,,,,,,,,,,,,,,,1.0,,,,0.1,,0.01,,,,,,,,,,,,,,,,,,,,,,,,,,,,,,,,,,,0.05,,,,,,,,,,,,,,0.02,,,,,,,,,,,
660,MELISA,MELISA,,,,,,,,,,,,,,,,,,,,,,,,,4.0,,,,,,,,,,,,,,,,,,,,,,,,,,,,,,,,,,,,,,,,,,,,,,,,,,,,,,,,10.0,,,,,,,,5.0,,,,,,,,,,2.0,,,,,,,,,,,,,,,,,,,,,,,,,,,,,,,,,,,,,,,,,,,,,,,,,,,,,2.0,,,,,,,,,,,,,,,,,,,,,,0.5,,,,,,,,,,,,,,,,,,,,,,,,,,,,,,,,,,,,,,,,,,,,,2.0,,,,,,,,,,,,,,,,,,,,,,,,,,,,,,,,,,,,,,,,,,,,,,,,,
661,MELON,MELON,,,,,0.01,0.05,0.05,,,,,,,,,,0.02,,0.02,,0.05,0.02,0.05,,0.2,,,,0.05,0.03,1.0,,,2.0,,,0.02,,,,,,2.0,,,,,,0.5,,1.0,,,,,,,0.1,0.1,,0.5,0.05,0.2,,,,0.2,,0.2,,,,,,,,,,,,1.0,0.01,,0.05,0.02,,,,0.5,,,,,0.2,0.02,,,,0.02,,5.0,,0.05,,0.2,0.5,,,,,0.05,,0.1,0.05,,,0.2,,,,,,0.1,0.05,,,,,,,,,,,,,1.0,,0.5,,,,,,2.0,,,,,0.1,,0.02,,2.0,0.05,,,,0.1,0.02,,,,3.0,,0.05,,,,,0.2,,,0.2,0.05,,,,0.2,,,,0.3,,0.01,,0.3,,,,,,,,,,,,0.1,,,,,,,,1.0,,0.05,,,2.0,,0.5,,,0.05,0.02,2.0,,,,,,,,0.02,,,,,,0.05,0.5,,0.05,0.1,,,,,,0.02,,0.2,,,0.05,1.0,,0.02,0.1,,0.05,,,,0.1,,,,0.1,,,0.5,,,
662,MILK,MILK,,,,0.01,,,,,,,0.006,,,,0.02,,,,,,,,,,,,,,,,,,,,,,,0.002,,,,0.5,,,,,,,0.05,,,,,,,,,,,,,,0.01,,,,0.01,0.02,0.05,,,,,,,,,,,,,,,,,,,,,,,,,,,,,,,,,,,,,,,,,,,,,,,,,,,,,,,,,,,,,,,,,,,,,,,,,,0.006,,,,,,,,,,,,,,,,,,0.01,,,,,,,,,,,,,,,,,,0.02,0.01,0.02,,,,,,,,,,,,,,,,,,,,,0.1,,,,0.25,,0.01,,,,,,,,,,,,,,,,,,,,,,,,,,,,,,,,,,,0.01,,,,,,,,,,,,,,0.01,0.01,,,,,,,,,,
685,MINT,MINT,,,,,0.05,0.7,3.0,,,,,,,,,,2.0,,,,,1.0,1.0,,4.0,,,,,,4.0,,,,,,,,,,,,1.0,,,,,,,,,,,,,,,,,,,,,,1.0,,,,,,,,,,,0.4,,,,,10.0,,,,3.0,,,,5.0,,,0.1,,,,,,,2.0,,,,,,,,,,,,,,,,1.0,1.0,,,,,,,,,,,,,,,,,,,,,,,,,,,,,,,,,,2.0,,2.0,,,,,,,,,,,0.05,,,10.0,,,,,,,,0.5,,,,1.0,0.6,,,,,,,,,,,,,,,,,,,,0.5,,,,,,,,1.0,,,,,,,,,,,1.0,2.0,,,,,3.0,,,,,,,,,0.05,,,,1.0,,,,,,,,,0.02,,,,,1.0,,,0.05,,,,,,,,2.0,,,,,,
688,MIZONA,MIZONA,,,,,,,,,,,,,,,,,,,,,,,,,,,,,,,,,,,,,,,,,,,,,,,,,,,,,,,,,,,,,,,,,,,,,,,,,,,,,,,,,3.0,,,,,,,,5.0,,,0.1,,,,,,,,,,,,,,,,,,,,,,,,,,,,,,,,,,,,,,,,,,,,,,,,,,,,,,,,,,2.0,,,,,,,,,,,,,0.05,,,,,,,,,,,0.5,,,,1.0,,,,,,,,,,,,,,,,,,,,,,,,,,,,,,,,,,,,,,,,1.0,,,,,,,,,,,,,,,,,,,,,,,,,,,,,,,,,,,,,,,,,,,,,,,,,,
704,NECTARINE,NECTARINE,,,,0.05,0.02,,0.05,,0.2,,,,,,,,0.1,,,,,0.05,0.6,,1.0,,,,,0.2,0.4,15.0,,,,0.02,0.3,,,,,,0.2,,0.5,,,,,,,,,,0.5,,,,,0.5,1.0,,2.0,0.05,0.2,,,,0.05,,,,,,,0.5,,0.02,,0.1,,,0.05,0.05,0.05,,,,3.0,0.1,,0.01,,,,,,1.0,,,,,0.5,,0.5,7.0,,,,0.1,0.6,,,,,0.2,,0.02,,,0.01,,,0.7,,,,0.01,,,,5.0,,,,0.01,,0.01,,,,,,,,,,,,0.3,,,,1.0,,,,,0.1,0.02,,,,2.0,,,,,,,0.2,,,,,,,0.05,,,,0.1,,,,,0.5,0.05,,,,,,,,,,,0.1,,,,0.5,0.1,,,,,,,,,,7.0,,0.02,0.05,,0.2,0.02,,,,,,,0.02,,0.03,,,,0.05,0.05,0.05,,,,,,0.02,0.5,0.3,,,,,0.05,1.0,,0.3,0.05,,,,,,0.5,,,,0.5,,,,,,
718,OAT,OAT,,,,0.01,,,,,,,,,,,,,0.05,,,,,,,,,,,,,,,,,,,0.02,,,,,,,,,,,,0.05,,,,,,0.01,,,,,,,,,,0.05,,,,,,,,,,,,,,,,,,,,,,,,,,,,,,,,,,,,,,,,,,,,,,,,0.01,,,,,,,,0.01,,,,,,,,,,,,,,,,,,,0.1,,0.01,,,,,,,,,,,,,,,,,,,,,,,,,,,0.01,,,,,,,,,,,,,,,,,,,,,,,,,,,,,,,,,,,,,,,,,,,,,,,,,,,,,,,,,,,,,,,,,,,,,,,,,,,,,,,,,,,,,,,,,,,,0.02,,,,,,,,
755,OLIVES,OLIVES,,,,0.5,0.01,,0.05,,0.2,,,,0.02,0.5,,,0.1,,,,,,0.5,,,,,,,,,,,,,0.02,0.1,,,,,,0.1,,0.5,,,,0.5,,,,,,,,,,,0.5,,,,,,,,,,,,,,,,0.1,,0.02,,1.0,,,,,,,,,3.0,0.1,,,,,,0.1,,1.0,,,,,,,,,,,,,,,,,0.02,,,,,,,,,,,,,0.01,,,,,,,,,,0.01,0.2,,,,,,,,,,,1.0,,,,,,,,,,0.5,,,,2.0,,,,,,,,,,,,,,,,0.05,,,,,,,,0.5,,,0.02,,,,0.02,,,,,,,,,,,,,,,,,,,,,0.02,,,,,,,,,,,0.02,,,,,,0.01,0.05,,,,,,,,,,,0.1,,,,,10.0,0.2,,,,,,,,,,,0.5,,,,0.05,,
756,ONION,ONION,,,,,0.01,,,0.01,,,,0.1,,,,,0.05,0.1,,0.1,,,,,1.5,,,,,,,,,,,0.02,0.05,,,,,,0.5,,,,0.1,,0.5,,,,0.1,,,0.06,0.2,,,0.5,,0.05,0.1,,,,,,0.04,,,,0.2,,,0.1,,0.02,,,0.7,,,,,,,,0.5,,,,,0.05,,,,,,,0.05,0.05,,,,,0.05,,,,,,0.1,,,,,,,,,,,,,,,,,,,1.0,,,,0.3,0.5,,0.1,,,0.02,,,,,,,,0.3,,,,0.2,0.05,,,,,0.05,,,,0.5,15.0,,,,,,,,,2.0,0.05,,,0.05,,,,0.05,,,,,,,,,0.02,0.005,,,0.02,,,,,,0.1,,,,,,,,,,,0.2,0.01,,,,,,0.3,0.02,,,,0.1,,,,,,0.1,0.1,,0.05,0.05,,,0.1,,,,,,0.2,,,,,,,,,,,,,,,,,,,0.02,,,,,,
769,OREGANO,OREGANO,,,,,,,,,,,,,,,,,,,,,,,,,,,,,,,4.0,,,,,,,,,,,,,,,,,,,,,,,,,,,,,,,,,1.0,,,,,,,,,,,,0.4,,,,,,,,,,,,,,,,,,,,,,,,,,,,,,,0.5,,,,,,,,,,,,,,,,,,,,,,,,,,,,,,,,,,,,,,,,,,,2.0,,2.0,,,,,,,,,,,,,,,,,,,,,,,,,,1.0,0.6,,,,,,,,,,,,,,,,,,,,,,,,,,,,1.0,,,,,,,,,,,1.0,,,,,,3.0,,,,,,,,,,,,,,,,,,,,,,,,,,,1.0,,,,,,,,,,,,,,,,,
770,OTHERS,OTHERS,,,,,,,,,,,,,,,,,,,,,,,,,,,,,,,,,,,,,,,,,,,,,,,,,,,,,,,,,,,,,,,,,,,,,,,,,,,,,,,,,,,,,,,,,,,,,,,,,,,,,,,,,,,,,,,,,,,,,,,,,,,,,,,,,,,,,,,,,,,,,,,,,,,,,,,0.0,,,,,,,,,,,,,,,,,,,,,,,,,,,,,,,,,,,,,,,,,,,,,,,,,,,,,,,,,,,,,,,,,,,,,,,,,,,,,,,,,,,,,,,,,,,,,,,,,,,,,,,,,,,,,,,,,,,,,
781,PARSLEY (roots and leaves),PARSLEY (roots and leaves),,,,,0.05,0.7,3.0,0.02,,,,,,,,,0.1,,,,,1.0,1.0,,4.0,,,,,,,,,,,,,,,2.0,,,1.0,,,,,,0.5,,,,,,,,,,,,,,,,1.0,,,,,,,,,,,0.4,,,,,10.0,,,,3.0,,,,5.0,,,0.1,,,,,,,0.2,,,,,,,,,,,,,,,,,1.0,,,,,,,,,,,0.01,,,,,,,,,,,,,,,,,,,,,,,2.0,,2.0,,,2.0,,,,,,,0.05,0.05,,,2.0,,,,,,,,0.5,,,,1.0,0.6,,,,,,,,,2.0,,,,,,,,,,,,,0.2,,,,,,1.0,,,,0.2,,,,,,,1.0,2.0,,,1.0,,3.0,,,,,,,,,0.05,2.0,,,1.0,,,,,,,,,,,,,,0.5,,,,,,,0.5,,,,2.0,,,,,,
789,PASSION FRUIT,PASSION FRUIT,,,,,,,,,,,,,,,,,,,,,,,,,,,,,,,,,,,,,,,,,,,,,,,,,,,,,,,,,,,,,,,,,,,,,,,,,,,,,,,,,,,,,,,,,,,,,,,,,,,,,,,,,,,,,,,,,,,,,,,,,,,,,,,,,,,,,,,,,,,,,,,,,,,,,,,,,,,,,,,,,,,,,,,,,,,,,,,,,,,,,,,,,,,,,,,,,,,,,,,,,,,,,,,,,,,,,,,,,,,,,,,,,,,,,,,,,,0.05,,,,,,,,,,,,,,,,,,,,,,,,,,,,,,,,,,
833,PEACH,PEACH,,,,0.05,0.02,,0.05,,0.2,,,,0.02,0.5,,,0.2,,,,,,0.6,,3.0,,,,0.05,0.2,0.4,15.0,,,,0.02,0.3,,,,,,0.2,,0.5,,,,,,,,,,0.5,,,,,0.5,1.0,,2.0,0.05,0.2,,,,0.05,,,,,,,0.5,,0.02,,1.0,,,0.05,0.05,0.05,,,1.0,3.0,0.1,,0.01,,5.0,,,,1.0,,,,,0.5,0.1,0.5,7.0,,,,0.1,0.6,,,,,0.2,,0.02,,,0.01,,,0.7,,,,0.01,,,0.05,5.0,,,,0.01,,0.01,,,,,,,0.01,,,,,0.3,,,,,,,,,0.1,0.02,,0.05,0.15,,,,,,,,0.2,,,,,,,0.05,,,,0.1,,,,,0.5,0.05,,,,,,,,,,,0.1,,,,0.5,0.1,,,,,,,,,,,,0.02,0.05,,0.2,0.02,,,,,,,0.02,,0.03,,,,0.05,0.05,0.05,,,,,,0.02,0.5,0.3,,,,,0.05,1.0,,0.3,0.05,,,,,,0.5,,,,0.5,,,,,,
834,PEANUT,PEANUT,,,,,0.01,,,,,0.02,,,,0.5,,1.0,0.01,,0.02,0.05,,,0.05,,0.05,,,,,,,0.05,,0.1,,0.02,0.05,,,0.2,,,0.05,,0.02,,,,0.5,,,,,,0.02,,0.2,,,,0.2,,,0.05,,,,,,,,,,,,,,,0.01,,,,,,,,,,0.1,,,,,,0.02,,,,,,,,,,0.2,,,,,,,,0.1,0.05,0.02,,,,,,,,,,,,0.01,,,,,,,,,,,,0.1,,,0.02,,,,0.01,0.01,,,,,0.02,,,,,,,,0.05,,,,,,,,,,,,,,,0.05,,,,,,0.5,,,,,,,0.02,,,,,,,,,,0.5,,,,,,,,,,,,,,,0.01,0.1,,,,,0.05,0.01,,0.01,0.05,,,,,,,0.1,0.1,,,,,,,,,,,0.1,0.2,,,,0.02,0.05,1.0,,,0.05,,,,,,,,,,,,,,,,
835,PEAR,PEAR,,,0.01,0.01,0.02,,0.05,,0.2,,,,0.02,0.5,,2.0,,,,,,0.05,0.5,2.0,0.01,,,,,,,10.0,,3.0,,0.02,0.2,,,,,3.0,,,0.5,,,,,,,,,,0.5,,,,,,2.0,,,,,,,,0.03,,,,,,,,,0.02,,1.0,,,0.05,0.05,,,,2.0,,0.1,,0.02,,,,5.0,3.0,1.0,,,,,,0.1,0.1,,,,0.05,0.1,0.2,,0.1,,0.2,1.0,,,0.2,,0.01,,,0.2,,,,0.01,,,,10.0,,,0.01,,,,,,,,,,,,,,,0.3,,,,10.0,,,,,,,,0.05,0.05,2.0,,,,,,,0.05,,,,,,,0.05,,0.05,,,,,0.05,,0.5,0.1,,,,,,0.01,,,,,0.2,,,,0.5,,,,,,,0.05,,,,,,0.02,,,,0.02,,,,,,,0.02,,,0.1,,,0.1,0.05,0.05,,0.2,,,,,,0.4,0.05,1.0,,,,,3.0,0.1,0.02,,,,,,,,,,0.5,,0.5,2.0,,,
836,PEAS,PEAS,,,,,,,,,,,,,,,,,1.0,,,0.2,,,0.3,,0.02,,,,,,,,,,,,0.05,,,,,,1.0,,,,,,0.5,,,,,,,,0.2,,,,,,0.3,,,,,,,,,,,,,,,,,,,,,,,,,,0.5,,,,,,,,,,,,,,,,,,,,,,,,0.1,,,,,,,,,,,,,,,,,,,,0.01,,,,,,,,,0.02,,,,0.01,,,0.01,,,0.02,,,,,,,,,,,,0.5,,,,,,,,,,0.05,,,,0.05,,,,,,,,,,,,,,,,,,,,,,,,,,,,,,,,,,,0.01,,,0.02,,,0.02,,,,,,,,,,,0.1,0.1,,0.01,,,,,,,,,,,,,,0.02,,,,,,,,,,,,,,,,,,,,,
837,PECAN,PECAN,,,,,,,,,,,,,0.02,,,,,,,,,,0.2,,,,,,,,,,,,,,,,,,,,,,,,,,,,,,,,,,,,,,,,,,,,,,,,,,,,,,,,,,,,,,,,,,,0.1,,,,,,,,,,,,,,,,,,,,,0.05,,,,,,,,,,0.01,,,,,,,0.01,,,,,,,,,,,0.2,,,,,,,,,,,0.3,,,,,,,,,,,,,,,,,,,,,,,,,,,,,,,,,,,,,,,,,,,,,0.02,,,,,,,,,,,,,,,,,,,,,,,,,,,,,,,,,,,,,,,,,,,,,,,0.1,,,,,,,,0.2,,,,,,,,,,,,,,,,,,
839,PEPPER,PEPPER,0.01,,,,0.02,0.7,0.05,,0.1,,,,,,,,0.5,,,,,0.05,0.2,,0.3,,,,0.05,,0.3,,,0.1,,,0.2,,0.1,0.2,,,,,,,,,0.5,,0.1,0.05,,,,0.2,0.2,0.05,0.1,0.2,,,0.5,0.05,0.8,,,,0.2,0.05,,,,,,,,,,,,0.01,,0.05,0.05,,,,1.0,,,0.01,,0.5,,,,,0.05,,,,0.5,,0.2,,0.5,,,0.05,0.2,,0.1,,0.1,0.5,0.2,,,,,,,,0.01,,,,,,0.2,,,,,0.5,,,,,,0.02,,,,,,,,0.3,,0.02,,5.0,,,,,,0.2,,,0.2,0.5,,,,,,0.1,,,,0.01,0.05,,,0.05,1.0,0.5,,0.2,,,0.05,,0.5,,,,0.02,0.01,,,,,,,0.2,,,,,,,,,,,,,,,1.0,,,,0.1,0.4,,0.05,,,,0.02,,,,0.03,0.1,,,0.05,0.5,,1.0,0.05,,,,0.1,,0.5,0.1,0.5,,,,1.0,,,0.02,,0.05,,,,0.1,,,,0.2,,0.05,0.5,,,
842,PERSIMMON,PERSIMMON,,,,0.05,,,0.1,,0.1,,,,0.02,0.5,,,0.1,,,,,,0.2,,0.05,,,,,,0.1,10.0,,,,0.02,,,,,,,0.02,,0.5,,,,,,,,,,,,,,,,,,,,,,,,,,,,,,,0.05,,0.02,,1.0,,,,,,,,,,0.1,,,,,,,,,,,,,,,,3.0,,,,,0.2,,,,,,,0.02,,,0.01,,,,,,,0.01,,,,,,,,,,0.01,,,,,,,0.01,,,,,0.05,,,,,,,,,0.05,,,,,2.0,,,,,,,,,,,,,,,,,,,,,,,,,,,,,,,,,,,,,,,,,,,,,,,,,,,,0.02,,,0.02,,,,,,,,0.02,,,,,,0.05,0.01,,,,,,,,,,,,,,,,,0.05,0.05,,,,,,,,,,,,,,,,
851,PLUM,PLUM,,,,0.05,0.01,,0.05,,0.2,,,,0.02,0.5,,,0.05,,,,,0.05,0.6,2.0,,,,,,,0.4,5.0,,0.2,,0.02,0.3,,,,,,,,0.5,,,,,,,,,,,,,,,,2.0,,,0.05,0.2,,,,0.05,,,,,,,0.05,,0.02,,0.5,,,0.05,0.05,0.05,,,,3.0,0.1,,0.01,,,,0.5,,1.0,,,,0.05,,,0.5,10.0,,,,,,,,,,0.2,,0.02,,,0.01,,,,,,,0.01,,,,,,,,,,0.01,,,,,,,0.01,,,,,0.3,,,,1.0,,,,,0.1,0.02,,0.05,,2.0,,,,,,,,,,,,,,0.05,,,,0.1,,,,,0.2,0.05,,,,,,,,,,,,,,,0.5,0.1,,,,,0.05,0.05,,,,7.0,,0.02,,,,,,,,,,,0.02,,,,,,0.05,0.05,0.05,,,,,,,0.5,0.2,,0.2,,,0.05,1.0,,0.3,0.02,,,,,,,,,,0.5,,,,0.05,,
852,POME FRUITS,POME FRUITS,,,,,,,,,,,,,,,,,,,,,,,,,,,,,,,,,,,,,,,,,,,,,,,,,,,,,,,,,0.2,,,,,,,,,,,,,,,,,,,,,,,,,,,,,,,,,,,,,,,,,,,,,,,,,,,,,,,,,,,,,,,,,,,,,,,,,,,,,,,,,,,,,,,,,,,,,,,,,,,,,,,,,,,,,,,,,,,,,,0.05,,,,,,,,,,,,,,,,,,,,,,,,,,,,,,,,,,,,,,,,,,,,,,,,,,,,,,,,,,,,,,,,,,,,,,,,,,,,,,,,,,,,,,,,,,,,,
853,POMEGRANATE,POMEGRANATE,,,,0.05,,,0.1,,0.05,,,,,,,,0.2,,,,,,0.1,,,,,,,,0.4,,,,,0.02,0.2,,,,,,,,0.1,,,,,,,,,,,,,,,,,,,,,,,,0.05,,,,,,,0.1,,0.02,,,,,,,,,,,0.05,0.1,,0.01,,,,,,,,,,,,,,,,,,,0.3,,,,0.07,1.0,,0.02,0.2,,,,,,,,,0.01,,,,,,,,,,,,,,,,,,,,,,1.0,,0.1,,,,,,,,0.1,,,0.5,,,,,,,,,,,,,,,,,0.3,,,,,,,,,,,,,,,0.02,,,,,,,,,,,,,,2.0,,,,,,,,,,,,,,,,,,,,,,,,0.05,0.02,0.05,,0.1,,,,0.02,0.1,0.05,,,,,,,,0.02,0.3,,,,,,,,,,,,,,,,
857,POTATO,POTATO,0.01,1.5,,,0.01,,,,,,,0.02,,,,,0.05,0.02,,,0.02,,0.05,,0.03,,,,,,,,,,,0.02,0.01,,,0.5,,,0.2,5.0,,,,,0.5,,,0.05,,,,,0.2,,,,,0.05,0.05,,,,0.05,,0.04,0.05,,,,,,0.1,,,,,0.1,,,,,,0.05,,0.2,,,0.01,,0.05,,,,,,0.05,0.05,,,,,,,,,,0.2,,0.1,0.05,0.02,0.01,,0.02,,,,,0.05,,,,,,,0.1,0.2,0.02,,,,,,0.01,,,,,,,5.0,,,,,0.5,,0.02,,0.1,0.05,,,,,0.02,,0.05,0.05,,50.0,0.05,,,,,,,0.01,0.05,0.05,,,0.05,0.1,0.05,0.1,,,0.01,,,,0.02,,,,,,,,,0.02,0.2,,0.05,0.1,,,,,,,,,,,0.2,0.01,,,,,0.05,0.03,,,0.01,,,,,,,,,,,0.01,0.05,,,,,,,,,0.2,,0.1,,,,,5.0,0.02,0.02,,0.05,,,,,,,,0.2,,,,,0.01,0.02
858,POULTRY MEAT,POULTRY MEAT,,,,0.05,,,,,,,0.2,,,,0.02,,,,,,,,,,,,,,,,,,0.05,,,,,0.5,,,,0.04,,,,,,,0.1,,,,,,,,,,,,,,,,,,,,0.1,,,,,,,,,,,,,,,,,,,,0.05,,,,0.1,,,,,,,,,,,,,,,,,,,,,,,,,,,,,,,,,,,,,,,,,,,,,,,,,,0.2,,,,,,,,,,,,,,,,,,0.05,,,,,,,,,,,,,,,,,,0.02,,,,,,,,,,,,,,,,,,,,,,,0.1,,,,,,,,,,,,,,,,,,,,,,,,,,,,,,,,,,,,,,,,,0.05,,,,,,,,,,,,,,0.01,0.01,,,,,,,,,,
859,POULTRY OFFAL,POULTRY OFFAL,,,,0.05,,,,,,,,,,,,,,,,,,,,,,,,,,,,,0.05,,,,,,,,,0.1,,,,,,,0.1,,,,,,,,,,,,,,,,,,,,0.02,,,,,,,,,,,,,,,,,,,,0.05,,,,,,,,,,,,,,,,,,,,,,,,,,,,,,,,,,,,,,,,,,,,,,,,,,,,,,,,,,,,,,,,,,,,,,,,0.01,,,,,,,,,,,,,,,,,,0.02,,,,,,,,,,,,,,,,,,,,,,,0.1,,,,,,,,,,,,,,,,,,,,,,,,,,,,,,,,,,,,,,,,,0.05,,,,,,,,,,,,,,0.01,,,,,,,,,,,
861,PRICKLY PEAR CACTUS,PRICKLY PEAR CACTUS,,,,,,,,,,,,,,,,,,,,,,,,,,,,,,,,,,,,,,,,,,,,,,,,,,,,,,,,,,,,,,,,,,,,,,,,,,,,,,,,,,,,,,,,,,,,,,,,,,,,,,,,,,,,,,,,,,,,,,,,,,,,,,,,,,,,,,,,,,,,,,,,,,,,,,,,,,,,,,,,,,,,,,,,,,,,,,,,,,,,,,,,,,,,,,,,,,,,,,,,,,,,,,,,,,,,,,,,,,,,,,,,,,,,,,,,,,,,,,,,,,,,,,,,,,,,,,,,,,,,,,1.0,,,,,,
885,PUMPKINS,PUMPKINS,,,,,0.01,,0.02,,,,,,,,,,,,,,,,,,0.2,,,,,0.05,,,,0.2,,,,,,,,,,,,,,,,,,,,,,,,0.1,0.02,,,0.01,,,,,0.02,,,0.2,,,,,,,,,,,0.1,,,,,,,,,,,,,0.5,,,,,0.02,,0.1,,,,,,,,,,0.05,,,,,,,,,,,,0.05,,,,,,,,,,,,,,0.5,,,,,,,,,,,,,,,,,,,,,,0.1,,,,,,,,,,,,,,,,,,,,,,,,0.3,,,,,,,,,,,,,,,,,,,,,,,,,,,,,0.1,,,,,,,0.1,,,,,,,,,,,,,,,,,0.05,0.1,,,,,,,,,,,,,,,,,,,,,0.1,,,,,,,,,,
888,QUINCE,QUINCE,,,,,,,,,,,,,,,,,,,,,,,,,,,,,,,,10.0,,,,,,,,,,,,,1.0,,,,,,,,,,,,,,,,,,,,,,,,,,,,,,,,,,,0.5,,,,,,,,,3.0,,,0.2,,,,,,,,,,,,,,,,,,,,,,,,,,,,,,,,0.2,,,,,,,,,,,,,,,,,,,,,,,,,,,,,,,,,,,,,,,0.05,2.0,,,,,,,,,,,,,,0.05,,,,,,,,,,,,,,,,0.01,,,,,,,,,,,,,,,,,,,,,,,,,,,,,,,,,,,,,,,,,,,0.2,,,,,,0.4,,,,,,,,,,,,,,,,,,,,,,,,,
894,RADISH,RADISH,,,,,,,,,,,,,,,,,,,,,,,0.2,,,,,,,,,,,,,,,,,,,,,,,,1.0,,,,,,0.1,,,,,,,,,,,,,,,,,,,,,,,,,,,,,,,,,,,,,,,,,,,,,,,,,,,,,,,,,,,,,,,,,,,,,,,,,,,,,,,,,,,,,,,,,,,,,,,,,,,,,,,,,,,,,,,0.5,,,,,,,,,,,,,,0.05,0.1,,,,,,,,,,,,,,,,,,,,,,,,,,,,,,,,,,,,,,,,,,,,,,,,,,,,,,0.05,,,,,,,,,,,,,,,,,,,,,,,,,,,,,,,,,,,
907,RED SWEET PEPPER,RED SWEET PEPPER,,,,,0.02,,,,,,,,,,,,0.5,,,,,,0.2,,,,,,0.05,,,,,,,0.2,0.01,,,0.2,,,,,,,,,0.5,,,0.05,,,,,,,,,,,,0.05,,,,,,,,,,,,,,,,,,,,,,,,,,,,,,,,,,,,,,,,,,,,,,,,,,,,,,,,,,,,,,,,,,,,,,,,,,,,,,,,,,,,,,,,,,,,,,,,0.02,,,,,,,,,,,,,,,,,,,,,0.1,0.2,,,,,0.1,,,,,,,,,,,,0.2,,,,,,,,,,,,,,,,,,,,,,,0.2,,,,,,,0.03,0.1,,,,,,,,,,,,,,,,,,,,,,,,,,,,,,,,0.2,,,,,,
908,RHODS GRASS,RHODS GRASS,,,,,,,,,,,,,,,,,,,,,,,,,,,,,,,,,,,,,,,,,,,,,,,,,,,,,,,,,,,,,,,,,,,,,,,,,,,,,,,,,,,,,,,,,,,,,,,,,,,,,,,,,,,,,,,,,,,,,,,,,,,,,,,,,,,,,,,,,,,,,,,,,,,,,,,,,,,,,,,,,,,,,,,,,,,,,,,,,,,10.0,,,,,,,,,,,,,,,,,,,,,,,,,,,,,,,,,,,,,,,,,,,,,,,,,,,,,,,,,,,,,,,,,,,,,,,,,,,,,,,,,,,,,,,,,
921,ROKET,ROKET,,,,,,,,,,,,,,,,,,,,,,,,,,,,,,,,,,,,,,,,,,,,,,,,,,,,,,,,,,,,,,,,,,,,,,,,,,,,,,,,,3.0,,,,,,,,5.0,,,0.1,,,,,,,,,,,,,,,,,,,,,,,,,,,,,,,,,,,,,,,,,,,,,,,,,,,,,,,,,,,,,,,,,,,,,,,0.05,,,,,,,,,,,0.5,,,,1.0,,,,,,,,,,,,,,,,,,,,,,,,,,,,,1.0,,,,,,,,,,,1.0,,,,,,,,,,,,,,,,,,,1.0,,,,,,,,,,,,,,,,,,,,,,,,,,,,,,,
922,ROKULA,ROKULA,,,,,,0.7,3.0,,,,,,,,,,15.0,,,,,1.0,1.0,,4.0,,,,,,,,,,,,,,,,,,1.0,,,,,,,,,,,,,,,,,,,,,,1.0,,,,,,,,,,,0.4,,,,,3.0,,,,3.0,,,,5.0,,,0.1,,,,,,,0.2,,,,,,,,,,,,,,,,,1.0,,,,,,,,,,,,,,,,,,,,,,,,,,,,,,,,,,2.5,,2.0,,,,,,,,,,,0.05,,,5.0,,,,,,,,0.5,,,,1.0,0.1,,,,,,,,,,,,,,,,,,,,,,,,,,,,1.0,,,,,,,,,,,1.0,2.0,,,,,,,,,,,,,,0.05,2.0,,,1.0,,,,,,,,,,,,,,0.1,,,,,,,,,,,,,,,,,
926,ROOT VEGETABLE,ROOT VEGETABLE,,,,,,,,,,,,,,,,,,,,,,,,,,,,,,,,,,,,,,,,,,,,,,,,,,,,,,,,,,,,,,,,,,,,,,,,,,,,,,,,,,,,,,,,,,,,,,,,,,,,,,,,,,,,,,,,,,,,,,,,,,,,,,,,,,,,,,,,,,,,,,,,,,,,,,,,,,,,,,,,,,,,,,,,,,,,,,,,,,,,,,,,,,,,,,,0.02,,,,0.02,,,,,,,,,,,,,,,,,,,,,,,,,,,,,,,,,,,,,,,,,,,,,,,,,,,,,,,,,,,,,,,,,,,,,,,,,
929,ROSMARINE,ROSMARINE,,,,,0.05,0.7,3.0,,,,,,,,,,0.6,,,,,1.0,1.0,,4.0,,,,,,4.0,,,,,,,,,,,,1.0,,,,,,,,,,,,,,,,,,,,,,1.0,,,,,,,,,,,0.4,,,,,10.0,,,,3.0,,,,5.0,,,0.1,,,,,,,2.0,,,,,,,,,,,,,,,,,1.0,,,,,,,,,,,,,,,,,,,,,,,,,,,,,,,,,,2.0,,2.0,,,,,,,,,,,0.05,,,10.0,,,,,,,,0.5,,,,1.0,0.6,,,,,,,,,,,,,,,,,,,,,,,,,,,,1.0,,,,,,,,,,,1.0,2.0,,,,,3.0,,,,,,,,,0.05,2.0,,,1.0,,,,,,,,,,,,,,1.0,,,,,,,,,,,,,,,,,
930,RUMEX CRISPUS,RUMEX CRISPUS,,,,,,,,,,,,,,,,,,,,,,,,,,,,,,,,,,,,,,,,,,,,,,,,,,,,,,,,,,,,,,,,,,,,,,,,,,,,,,,,,,,,,,,,,,,,,,,,,,,,,,,,,,,,,,,,,,,,,,,,,,,,,,,,,,,,,,,,,,,,,,,,,,,,,,2.0,,,,,,,,,,,,,,,,,,,,,,,,,,,,1.0,,,,,,,,,,,,,,,,,,,,,,,,,,,,,,,,,,,,,,,,,,,,,,,,,,,,,,,,,,,,,,,,,,,,,,,,,0.1,,,,,,,,,,,,,,,,,
945,SAFFLOWER,SAFFLOWER,,,,,,,,,,,,,,,,,,,,,,,,,,,,,,,,,,,,,,,,,,,,,,,,,0.5,,,,,,,,,,,,,,,,,,,,,,,,,,,,,,,,,,,,,,,,,,,,,,,,,,,,,,,,,,,,,,,,,,,,,,,,,,,,,,,,,,,,,,,,,,,,,0.02,,,,,,,,,,,,,,,,,,,,,,,,,,,,,,,,,,,,,,,,,,,,,,,,,,,,,,,,,,,,,,,,,,,,,,,,,,0.02,,,,,,,,,,,,,,,,,,,,,,,,,,,,,,,,,,,,,,,,,,,,,,,,,,,,
947,SAGE,SAGE,,,,,,0.7,3.0,,,,,,,,,,2.0,,,,,1.0,1.0,,4.0,,,,,,4.0,,,,,,,,,2.0,,,1.0,,,,,,,,,,,,,,,,,,,,,,,,,,,,,,,,,0.4,,,,,10.0,,,,3.0,,,,5.0,,,0.1,,,,,,,2.0,,,,,,,,,,,,,,,,,,,,,,,,,,,,,,,,,,,,,,,,,,,,,,,,,,,2.0,,2.0,,,,,,,,,,,0.05,,,10.0,,,,,,,,0.5,,,,1.0,0.6,,,,,,,,,,,,,,,,,,,,,,,,,,,,1.0,,,,,,,,,,,1.0,2.0,,,,,3.0,,,,,,,,,0.05,2.0,,,1.0,,,,,,,,,,,,,,1.0,3.0,,0.05,,,,,,,,2.0,,,,,,
962,SCARLET,SCARLET,,,,,0.01,,0.02,,,,,,,,,,,,,,,,,,0.2,,,,0.05,0.05,,,,0.2,,,,,,,,,,,,,,,,,,,,,,,,0.1,0.02,,,0.01,,,,,0.02,,,0.2,,,,,,,,,,,,,,,,,,,,,,,,0.5,,,,,0.02,,0.1,,,,,,,,,,0.05,,,,,,,,,,,,0.05,,,,,,,,,,,,,,0.5,,,,,,,,,,,,,,,,,,,,,,,,,,,,,,,,,,,,,,,,,,,,,,0.3,,,,,,,,,,,,,,,,,,,,,,,,,,,,,0.1,,,,,,,0.1,,,,,,,,,,,,,,,,,0.05,0.1,,,,,,,,,,,,,,,,,,,,,0.1,,,,,,,,,,
971,SHEEPS,SHEEPS,,,,,,,,,,,,,,,,,,,,,,,,,,,,,,,,,,,,,,,,,,,,,,,,,,,,,,,,,,,,,,,,,,,,,,,,,,,,,,,,,,,,,,,,,,,,,,,,,,,,,,,,,,,,,,,,,,,,,,,,,,,,,,,,,,,,,,,,,,,,,,,,,,,,,,,,,,,,,,,,,,,,,,,,,,,,,,,,,,,,,,,,,,,,,,,,,,,,,,,,,,,,,,0.1,,,,,,,,,,,,,,,,,,,,,,,,,,,,,,,,,,,,,,,,,,,,,,,,,,,,,,,,,,,,,,
972,SMALL RADISH,SMALL RADISH,,,,,,,,,,,,,,,,,,,,,,,0.02,,,,,,,,,,,,,,0.05,,,,,,,,,,1.0,,,,,,0.1,,,,,,,,,,,,,,,,,,,,,,,,,,,,,,,,,,,,0.5,,,,,,,,,,,,,,,,,,,,,,,,,,0.05,,,,,,,,,,,,,,,,,,,,,,,,,,,,,,,,,,,,,,,,,,,,,0.05,,,,0.5,,,,,,,,,,0.02,,,,,0.1,,,,,,,,,,,,,,,,,,,,,,,,,,,,,,,,,,,,,,,,,,,,,,,,,,,,,,0.05,,,,,,,,,,,,,,,,,,,,,,,,,,,,,,,,,,,
975,SNOW PEAS,SNOW PEAS,,,,,,,,,,,,,,,,,,,,,,,,,,,,,,,,,,,,,,,,,,,,,,,,,,,,,,,,,,,,,,,,,,,,,,,,,,,,,,,,,,,,,,,,,,,,,,,,,,,,,,,,,,,,,,,,,,,,,,,,,,,,,,,,,,,,,,,,,,,,,,,,,,,,,,,,0.02,,,,,,,,,,,,,,,,,,,,,,,,,,,,,,,,,,,,,,,,,,,,,,,,,,,,,,,,,,,,,,,,,,,,,,,,,,,,,,,,,,,,,,,,,,,,,,,,,,,,,,0.05,,,,,,,,,,,,,,
976,SORGHUM,SORGHUM,,,,0.01,,,,,,,,,0.02,,0.2,,,,,,,,,,,,,,,,,,,,,0.02,,,,,,,,,,,,,,,,,,,,,,,,,,,,,,,,,,,,,,,,,,,,,,,,,,,,,,,,,,,,,,,,,,,,,,,,,,,,,,,,,,,,,,,,,,,,,,,,,,,,,,,0.1,,,,,,,,,,,,,,,,,,,,,,,,,,,,,,,,,,,,,,,,,,,,,,,,,,,,,,,,,,,,,,,,,,,,,,,,,,,,,,,,,,,,,,,,,,,,,,,,,,,,,,,,,,,,,,,,,,,,,,,,,,,,,,,,,
977,SORGHUM BICOLOR,SORGHUM BICOLOR,,,,,,,,,,,,,,,,,,,,,,,,,,,,,,,,,,,,,,,,,,,,,,,,,,,,,,,,,,,,,,,,,,,,,,,,,,,,,,,,,,,,,,,,,,,,,,,,,,,,,,,,,,,,,,,,,,,,,,,,,,,,,,,,,,,,,,,,,,,,,,,,,,,,,,,,,,,,,,,,,,,,,,,0.5,,,,,,,,,,,,10.0,,,,,,,,,,,,,,,,,,,,,,,,,,,,,,,,,,,,,,,,,,,,,,,,,,,,,,,,,,,,,,,,,,,,,,,,,,,,,,,,,,,,,,,,,
998,SPINACH,SPINACH,,,,,,,,,,,,,,,,,,,,,,,,,,,,,,,,,,,,,,,,,,,,,,,,,,,,,,,,,0.2,,,,,,,,,,,,,,,,,,,,,,,,3.0,,,,,,,,5.0,,,0.1,,,,,,,,,,,,,,,,,,,,,,,,,,,,,,,,,,,,,,,,,,,,,,,,,,,,,,,,,,2.0,,,,,,,,,,,,,0.05,,,,,,,,,,,0.5,,,,1.0,,,,,,,,,,,,,,,,,,,,,,,,,,,,,,,,,,,,,,,,1.0,,,,,,,,,,,,,,,0.05,,,,,,,,,,,,,,,,,,,,,,,,,,,,,,,,,,,
999,SPRING ONION,SPRING ONION,,,,,,0.7,3.0,,,,,,,,,,15.0,,,,,1.0,1.0,,,,,,,,,,,,,,,,,,,,,,,,,,,,,,,,,,,,,,,,,,1.0,,,,,,,,,,,0.6,,,,,10.0,,,,,,,,5.0,,,0.1,,,,,,,0.2,,,,,,,,,,,,,,,,,1.0,,,,,,,,,,,,,,,,,,,,,,,,,,,,,,,,,,2.0,,2.0,,,,,,,,,,,0.05,,,,,,,,,,,0.5,,,,1.0,,,,,,,,,,,,,,,,,,,,,,,,,,,,,,,,,,,,,,,,,,,,,,,,,,,,,,,0.05,2.0,,,1.0,,,,,,,,,,,,,,1.0,,,,,,,,,,,,,,,,,
1000,SQUASH,SQUASH,,,,,,,0.05,,,,,0.05,,,,,0.05,,,,,,0.02,,0.2,,,,0.05,0.05,,,,0.1,,,0.02,,,0.2,,,,,,,,,,,,,,,,0.05,,0.1,0.1,,,,0.2,,0.3,,,,0.2,0.05,,,,,,,,,,,0.1,,,0.05,0.1,,,,1.0,,,,,,0.02,,,,,,,,0.5,,0.2,,,,,,0.05,,0.1,,0.01,0.2,0.2,,,,,,,0.05,,,,,,,,,,,,,,,,,,,,,,,,,,1.0,,,,5.0,,,,,0.1,0.02,,,,3.0,,0.05,,,,,0.2,,,,,,,,0.2,,,,0.3,,,,0.3,,,,,,0.02,,,,,,0.1,,,,,,,,,,,,,,,0.5,,,,,2.0,,,,,,,0.01,,,,,,,,,,0.02,0.1,,,,,,0.02,,,,,0.1,1.0,,0.02,0.1,,0.05,,,,0.1,,,,,,0.05,0.5,,,
1005,STONE FRUIT,STONE FRUIT,,,,,,,,,,,,,,,,,,,,,,,,,,,,,,,,,,,,,,,,,,,,,,,,,,,,,,,,,0.2,,,,,,,,,,,,,,,,,,,,,,,,,,,,,,,,,,,,,,,,,,,,,,,,,,,,,,,,,,,,,,,,,,,,,,,,,,,,,,,,,,,,,,,,,,,,,,,,,,,,,,,,,,,,,,,,,,,,,,0.05,,,,,,,,,,,,,,,,,,,,,,,,,,,,,,,,,,,,,,,,,,,,,,,,,,,,,,,,,,,,,,,,,,,,,,,,,,,,,,,,,,,,,,,,,,,,,
1006,STRAWBERRY,STRAWBERRY,,,,,0.02,0.02,,,0.2,,,,,,,0.5,,,,,,1.0,,,2.0,,,,,0.2,,15.0,,5.0,,,0.5,,,0.1,,,5.0,,,,,,,,2.0,,,,,,,,0.7,,0.5,,,,1.0,,,,,,,,,,,,,,,,,,,,0.2,,,,3.0,,,0.01,,,,,,2.0,,,,,,,0.2,,4.0,,,0.05,0.2,,,,0.01,0.5,,,,,,,,0.4,,,,,,,,,,,,,,,,,,,,,,,,,,0.1,,0.2,,10.0,,,,,0.1,,,,0.2,,,,,,,0.2,,,,0.5,,,,,,0.5,,0.1,0.5,,,,,0.1,,,0.02,,,,0.02,,,,0.1,,,,,,,,,,0.5,,,2.0,,,,,,0.5,0.2,,,1.0,,1.0,,,,,,,,,,0.5,,,,,,,,,0.1,0.05,,,,0.2,,,1.0,0.05,,,,,,,,,,0.2,,,,,,
1007,SUBTROPICAL FRUITS,SUBTROPICAL FRUITS,,,,,,,,,,,,,,,,,,,,,,,,,,,,,,,,,,,,,,,,,,,,,,,,,,,,,,,,,0.2,,,,,,,,,,,,,,,,,,,,,,,,,,,,,,,,,,,,,,,,,,,,,,,,,,,,,,,,,,,,,,,,,,,,,,,,,,,,,,,,,,,,,,,,,,,,,,,,,,,,,,,,,,,,,,,,,,,,,,,,,,,,,,,,,,,,,,,,,,,,,,,,,,,,,,,,,,,,,,,,,,,,,,,,,,,,,,,,,,,,,,,,,,,,,,,,,,,,,,,,,,,,,,,,,,,
1008,SUGAR BEET,SUGAR BEET,,,,,,,,,,,,,,,,,,,,,,,,,,,,,,,,,,,,,,,,,0.01,,,,0.05,,,,,,,,,,,,,,,,,,,,,,,,,,,,,,,,,,,,,,,,,,,,,,,,,,,,,,,,,,,,,,,,,,,,,,,,,,,,,,,,,,,,,,,,,,,,,,,,,,,,,,,,,,,,,,,,,,,,,,,,,,,,,,,,,,,,,,0.1,,,,,,,,,,,,,,,,,,,,,,,,,,,,,,,,,,,,,,,,,,,,,,,,,,,,,,,,,,,,,,,,,,,,,,,,,,,,,,,,,,,,,,,,,
1016,SUNFLOWER,SUNFLOWER,,,,,,,,,,0.02,,,0.02,,,,0.05,,,,,0.05,,,,,,,,,,,,,,0.02,0.01,,,,,,,,,,,,0.5,,,,,,,,0.2,,,,,,,0.05,,,,,,,,,,,,,,,,,,,,,,,0.5,,,,,,,,,,,,,,,,,,,,,,,,,,0.1,,,,,0.02,,,,,,,,,0.01,,,,,,,,,,,,0.2,,,0.02,,,,,,,,,,,,,,,,,,0.01,,,,,,,,,,,,,,,,,,,,,0.1,,,,,,,,,,,,,,0.02,,0.02,,,,0.1,,,,,,,,,,,,0.01,,,,,,,,,,,,,,,,,,0.1,,,,,,,,,,,,0.2,,,,0.02,,,,,,,,,,,0.1,,,,0.05,,,,,,
1018,SWEET CORN,SWEET CORN,,,,,,,,,,,,,,,,,,,,,,,0.02,,,,,,,,,,,,,,,,,,,,,,,,,,,,,,,,,,,,,,,,,,,,,,,,,,,,,,,,,,,,,,,,,,,,,0.01,,,,,,,,,,,,,,,,,,,,,,,,,,0.02,,,,,,,,,,,,,,,,,,,,,,,,,,,,,,,,,,,,,,,,,,,,,,,,,,,,,,,,,,,,,,,0.1,,,,,,,,,,,,,,,,,,,,,,,,,,0.05,,,,,,,,,,,,,,,,,,,,,,,,,,,,,,,,,,,,0.2,,,,,,,,,,,,,,,,,,,,,,,,,
1020,SWEET POTATO,SWEET POTATO,0.01,,,,,,,0.02,,,,,,,,,,,,,,,0.02,,1.0,,,,,,,,,,,,0.05,,,0.5,,,,,,,,,,,,0.05,,,,,,,,,,,,,,,,,,,,,,,,,,,,,,,,,,,,,,,,0.01,,,,,,,,,,,,,,,,,,,,,,,,,,,,,,,,,,,0.01,,,,,,,,,,,,,,,,,,,,,,,,,,,0.1,,,,,,0.05,,,0.05,,,,,,,,,,,,,,,,,,,,,,,,,,,,0.02,,,,,,,,,,,,,,,,,,,,,,,,,,,,0.5,,,0.05,,,,,,,,,,,,,,,,,,,,,,,0.1,,,,,,,0.02,,,,,,,,,,,,,,,,
1032,TATSUI LEAVES,TATSUI LEAVES,,,,,,,,,,,,,,,,,,,,,,,1.0,,,,,,,,,,,,,,,,,,,,,,,,,,,,,,,,,,,,,,,,,,,,,,,,,,,,,,,,,,3.0,,,,,,,,5.0,,,0.1,,,,,,,,,,,,,,,,,,,,,,,,,,,,,,,,,,,,,,,,,,,,,,,,,,,,,,,,,,2.0,,,,,,,,,,,,,0.05,,,,,,,,,,,0.5,,,,1.0,,,,,,,,,,,,,,,,,,,,,,,,,,,,,,,,,,,,,,,,0.1,,,,,,,,,,,,,,,,,,,,,,,,,,,,,,,,,,,,,,,,,,,,,,,,,,
1050,THYME,THYME,,,,,0.05,0.7,3.0,,,,,,,,,,0.6,,,,,1.0,1.0,,4.0,,,,,,4.0,,,,,,,,,2.0,,,1.0,,,,,,,,,,,,,,,,,,,,,,1.0,,,,,,,,,,,0.4,,,,,10.0,,,,3.0,,,,5.0,,,0.1,,,,,,,2.0,,,,,,,,,,,,,,,,,1.0,,,,,,,,,,,,,,,,,,,,,,,,,,,,,,,,,,2.0,,2.0,,,,,,,,,,,0.05,,,,,,,,,,,,,,,1.0,0.6,,,,,,,,,,,,,,,,,,,,,,,,,,,,1.0,,,,,,,,,,,1.0,2.0,,,,,3.0,,,,,,,,,0.05,2.0,,,1.0,,,,,,,,,,,,,,1.0,,,,,,,,,,,,,,,,,
1057,TOMATO,TOMATO,0.01,,,,0.02,0.7,0.2,0.02,,,,0.02,0.02,,,0.1,0.5,0.3,,,,0.05,0.2,,0.3,,,,0.05,,0.3,,,0.1,,,0.05,,0.5,0.2,,,5.0,,,,,,0.5,,1.0,,,,,0.2,0.2,0.05,0.1,0.5,0.1,0.2,0.5,0.05,0.5,,0.5,,0.2,0.05,,,,,0.1,0.3,,,,,0.5,0.01,,0.05,0.05,,,,5.0,,,0.01,,1.0,,,,,0.02,0.05,,,0.5,0.1,0.2,,0.5,,,0.05,,,0.1,0.01,0.3,0.3,0.05,,,,,,0.1,0.35,,,,,,,,0.5,,,,0.5,,,,,,0.02,,0.05,,,0.1,,,3.0,,0.2,,5.0,0.05,,,,,0.1,,,0.2,3.0,0.5,0.3,,,,0.1,,,0.3,0.5,0.05,,,,1.0,0.5,,0.2,,0.01,0.05,,0.3,0.2,,0.01,0.02,0.01,,,0.02,,,,0.2,,,,,,,,1.0,,5.0,,,0.2,0.01,2.0,,,,,0.05,,0.05,0.2,,1.0,0.02,,,,0.03,0.1,,0.1,0.01,0.05,,1.0,0.05,,,0.05,0.1,,0.2,0.05,0.5,,,0.05,1.0,,0.05,0.02,,0.05,,,,0.5,,,,0.2,,,0.5,,,0.6
1075,TURNIP,TURNIP,,,,,,,,,,,,,,,,,,,,,,,,,,,,,,,,,,,,,,,,,,,,,,,0.1,,,,,,0.1,,,,,,,,,,,,,,,,,,,,,,,,,,,,,,,,,,,,,,,,,,,,,,,,,,,,,,,,,,,,,,,,,,,,,,,,,,,,,,,,,,,,,,,,,,,,,,,,,,,,,,,,,,,,,,,,,,,,,,,,,,,,,,,,,,,,,,,,,,,,,,,,,,,,,,,,,,,,,,,,,,,,,,,,,,,,,,,,,,,,0.05,,,,,,,,,,,,,,,,,,,,,,,,,,,,,,,,,,,
1122,VEGETABLES,VEGETABLES,,,,,,,,,,,,,,,,,,,,,,,,,,,,,,,,,,,,,,0.02,,,,,,,,,,,,,,,,,,,,,,,,,,,,,,,,,,,,,,,,,,,,,,,,,,,,,,,0.05,,,,,,,,,,,,,,,,,,,,,,,,,,,,,,,,,,,,,,,,,,,,,0.01,0.1,,,,,,,,,,,,,,,,,,,,,,,,,,,,,,,,,,,,,,,,,,,,,,,,,,,,,,,,0.02,,0.02,,,,,,,,,,,,,,,,,,,,,,,,,,,,,,,,,,,,,,,,,,,,,,,,,,,,,,,,,,,,,,,,,,,,,,,
1123,VETCH,VETCH,,,,,,,,,,,,,,,,,,,,0.2,,,0.01,,,,,,,,,,,,,0.02,,,,,,,,,,,,,0.5,,,,,,,,0.2,,,,,,,,,,,,,,,,,,,,,,,,,,,,,,,,,,,,,,,,,,,,,,,,,,,,,,,,0.1,,,,,,,0.01,,,,,,,,,,,,,,,,,,,0.1,,,0.02,,,,0.01,,,,,,,,,,,,,,,,,,,,,,,,,,,,,,,,0.05,,,,,,,,,,,,,,,,,,,,,,,,,,,,,,,,,,,0.01,,,0.02,,,,0.05,,,,,,,,,,0.1,0.1,,,,,,,,,,,,,,,,,,,,,,,,,,,2.0,,,,,,,,,,
1135,WATERMELON,WATERMELON,0.01,,,,0.01,0.05,0.05,,,,,,,,,,0.01,,0.02,,,0.05,0.05,,0.05,,,,0.05,0.01,,,,,,0.02,,,,0.2,,,2.0,,,,,,,,1.0,,,,,,,0.1,0.01,,0.5,,,,,,0.2,,0.2,0.05,,,,,,0.1,,,,,,,,0.05,0.01,,,,,,,,,,0.02,,,,0.02,,,,0.05,0.1,0.2,0.5,,,,0.05,0.05,,0.1,,,,,,,,,,,0.05,,,,,,,,,,,,,,,0.5,,,0.02,,,,,,,,0.1,,0.02,,,,,,,0.1,,,,,3.0,,,,,,,0.2,,,,0.05,,,,0.2,,0.02,,0.05,,0.01,,0.3,,,0.01,,,,,0.02,,,,0.1,,,,,,,,,,,,0.02,,0.01,0.5,,,0.05,0.05,0.05,,,,,,0.02,,,,0.03,0.1,0.1,,0.05,,,0.05,0.05,,,,,,0.1,0.05,0.2,,,0.05,1.0,,0.05,0.05,,0.05,,,,0.1,,,,0.1,,,,,,
1138,WHEAT,WHEAT,,,,0.5,,,,,,,,,,,,,0.05,,,0.1,,,0.05,,,,,0.1,,,,,,,0.01,0.02,,,,,,,0.1,,,0.01,,0.05,,0.01,,,0.1,0.01,,,,,,,,,0.05,0.05,,,,,1.0,,0.01,,0.2,,,0.1,,0.02,,,,,,,,,,,1.0,,,,,,,,,,,,,,,,0.1,,,0.02,,,,0.01,,,,0.01,,,,0.01,,,,,,,,,,,,,,,,,,,5.0,,0.01,,,,0.01,,,,,0.3,,,0.05,,,,,0.01,,,,,,,,,,0.01,0.05,,,0.05,,,,,,,,,,,,0.01,,,,,,,,,,,,,,,,,,,,,0.01,,,,,,,,,,0.05,,,,,0.1,,,,,,,,,,,,,,,,,,,,0.05,,,0.2,,,,,,,,,0.01,,,,,,0.1,0.02,0.02,,,,,,,,
1139,WHEAT STRAW,WHEAT STRAW,,,,,,,,,,,,,,,,,,,,,,,,,,,,,,,,,,,,,,,,,,50.0,,,,,,,,,,,,,,,,,,,,,,,,,,,,,,,,,,,,,,,,,,,,,,,,,,,,,,,,,,,,,,,,,,,,,,,,,,,,,,,,,,,,,,,,,,,,,,,,,,,,,,,,,,,,,,,,,,,,,,,,,,,,,,,,,,,,,,,,,,,,,,,,,,,,,,,,,,,,,,,,,,,,,,,,,,,,,,,,,,,,,,,,,,,,,,,,,,,,,,,,,,,,,,,,,,,,,,,,,,,,,,,,,,
